track_id,track_name,danceability,acousticness,energy,tempo,instrumentalness,loudness,liveness,duration_ms,key,valence,speechiness,mode
3AaGCSpUFAmtB1XGxz5IWk,ATK,0.705,0.00471,0.881,127.983,0.855,-8.886,0.0512,245208,7,0.584,0.0625,1
6ilWOSGCIpyRCnVUZsSbEB,Sadhana,0.73,0.045,0.891,129.965,0.712,-7.939,0.186,173264,1,0.976,0.0701,1
1v3ooF930KR3W7VlM7Mzbl,Pressure Roll,0.731,1.2e-05,0.945,130.004,0.914,-5.58,0.0288,286095,7,0.406,0.238,1
3yaAqfGcXeC02j88iaoebG,Fold,0.792,0.0485,0.861,128.002,0.84,-6.849,0.107,335384,2,0.0869,0.0476,1
5HWybXhMxw8W8t0sUPysxf,Need You,0.692,0.372,0.659,128.025,0.698,-11.904,0.0686,214528,6,0.276,0.0428,0
49vNlVxrCBf5WwUCDySVuN,Blood In The Snow - Tibi Dabo Remix,0.79,0.0132,0.715,130.99,0.859,-7.213,0.0746,386052,0,0.47,0.0476,1
0JL9dXZ2tjMabWjVjeutKH,Polyghost,0.298,0.927,0.228,127.917,0.847,-19.981,0.11,108800,3,0.0839,0.0367,0
3MOhipHFUkGpS0rV7cKrJO,Rosewood,0.757,0.0668,0.637,121.009,0.485,-9.451,0.191,242773,10,0.429,0.0432,0
0wUIiILb3unP1LWA91POJn,Clap Clap,0.798,0.00349,0.954,127.993,0.896,-5.785,0.0476,427222,0,0.233,0.0856,1
4vworrZL7bZN3Jk4Yh1GJt,Move Your Body (Elevation) [Club Mix],0.709,0.000149,0.76,121.97,0.0183,-12.105,0.351,438480,0,0.674,0.0397,1
67Hp634KZbo9B5WMsJOalE,It's a Fine Day,0.606,0.115,0.955,125.007,0.0547,-9.857,0.15,330533,1,0.285,0.0462,0
2jPGZrgcptxJpFV5FXeFZX,Joy,0.777,0.165,0.705,123.003,0.86,-8.912,0.157,349268,5,0.454,0.0639,0
2ZaL63zLMDr6H18El2EIt9,Rosewood,0.757,0.0668,0.637,121.009,0.485,-9.451,0.191,242773,10,0.429,0.0432,0
1uOtAQ7g9zVKf8vh0dcO4d,How Long,0.626,0.0708,0.855,119.131,0.0382,-5.745,0.143,261224,11,0.194,0.0583,0
70ty8QsYOKx9PGCADJSdA3,Boston Common - Mixed,0.842,0.03,0.782,121.096,0.508,-9.694,0.0308,253680,3,0.742,0.134,0
4tUA0XgKiEigUywHbtkdLX,Maia - Mixed,0.592,0.131,0.829,122.992,0.911,-8.442,0.109,228293,10,0.254,0.0345,0
59QNyVtGhYoDnpO6T1e4yR,Otomo,0.667,0.00409,0.841,125.994,0.856,-8.93,0.114,371520,4,0.0392,0.0423,0
7aLYQgzGLy8duSSdTJa1ik,Shadows,0.658,0.0913,0.576,114.029,0.393,-10.976,0.107,285093,10,0.593,0.036,0
3FeosxZcVBWesL8jTMtVbk,Split Wick,0.803,0.00332,0.576,122.008,0.916,-11.388,0.0721,334762,1,0.203,0.051,0
4kTnzCEM0ySHMf8nSCqLB5,Perpetrator - Mixed,0.49,0.000233,0.83,125.067,0.703,-10.87,0.329,153480,8,0.198,0.0701,1
5EGJ7e7frJjYja6H4afzoT,Bambro Koyo Ganda,0.723,0.21,0.571,115.518,0.334,-10.22,0.133,302428,1,0.185,0.0572,1
1V2Z18nOByb7DqCECFh2Yt,La Perla - Tourist Remix,0.664,0.0316,0.524,124.0,0.892,-10.5,0.176,317004,7,0.403,0.0509,1
3scH3LfC2eyoX4zd5sp759,Sacred,0.792,0.00613,0.629,123.018,0.847,-7.25,0.0549,347317,0,0.417,0.0444,1
1wUi98zKIqQqeJaSsORKqm,Wrong Diagonal,0.803,1.18e-05,0.685,123.021,0.89,-13.089,0.216,433339,7,0.0648,0.0507,1
0ppoT7dGTnY1Y5QKC125bz,Be Good,0.495,0.00314,0.494,101.211,0.583,-10.541,0.116,393911,0,0.286,0.0339,1
6aFibEwLZUbMln9c5nwtyQ,Midas - Ben Pearce Re-Edit,0.794,0.163,0.764,119.973,0.0575,-9.328,0.241,365442,9,0.536,0.0636,0
5nvBbsER3AjvqnptLds8VP,Heavy - Icarus Remix,0.627,0.00937,0.834,122.997,0.886,-7.029,0.0367,248955,10,0.446,0.0475,0
6NK6YFjxpLMpaqt6YKfIDA,Freedom,0.729,0.323,0.661,89.982,8.58e-05,-7.479,0.189,250369,8,0.393,0.0637,1
07SjDKarzZO519FaIfGxT1,Gleams,0.544,0.00277,0.749,126.988,0.866,-8.265,0.0886,293134,4,0.0388,0.0303,0
44IWxLvITxZg3uFvX05Bmh,Separate Lives,0.53,0.168,0.472,120.004,0.9,-8.166,0.091,317038,5,0.106,0.0404,0
78HchVnOwjWI8EQfOAlXFV,No Angels,0.554,1.96e-05,0.803,123.047,0.873,-6.348,0.3,227375,8,0.0666,0.0319,1
6JPkbXQQNVla6ilOgJ8Tsu,So Alive - Jacques Greene Remix,0.728,0.0125,0.593,134.038,0.54,-8.353,0.0759,311419,7,0.233,0.0514,0
6IgxlOpJ1o16NqJtNQwAUo,Every Day the Sun Comes Up,0.588,0.042,0.782,121.996,0.898,-10.453,0.111,316195,7,0.127,0.0378,1
2xYXaZM4dOKZO02zmvRRQD,Why Don't You Call,0.674,0.183,0.657,117.945,0.889,-8.841,0.103,168360,6,0.398,0.0388,1
77EwsTh7jz9khxVQK7gFBW,Grown On Me,0.796,0.163,0.62,126.014,0.855,-11.13,0.107,236635,4,0.399,0.0564,1
4YrUH3TZazK6DC2w5qXryI,Makeshift Tourniquet,0.714,0.0141,0.578,122.001,0.88,-8.825,0.11,317835,8,0.163,0.0445,1
4pZZSrEUgaQJ2E2iNS7Hs1,La Chanteuse,0.474,0.0135,0.791,247.847,0.719,-9.51,0.558,308813,0,0.165,0.077,0
5O3GznAgkjc07BtlE9Xq9r,walk in the park,0.811,0.209,0.602,125.005,0.886,-9.511,0.11,185488,3,0.818,0.0346,0
5YnYfl7h8OaOVBvCBCwa6y,Bedside Ashtray,0.507,0.934,0.179,80.014,0.84,-16.331,0.117,151500,0,0.0902,0.0364,1
0J9uaeOd7GZi9MTybtqAD4,Self,0.725,0.445,0.417,151.947,0.79,-10.635,0.0834,199615,1,0.975,0.0976,0
5ro1X9qQIZVJT32Vlx4QAo,Feel For You,0.648,0.00194,0.867,134.976,0.845,-7.128,0.0678,235759,5,0.963,0.0491,0
7mY1LR71yeCJWYcNGT5xMF,The Coup,0.713,0.103,0.91,123.979,0.921,-5.807,0.131,300168,0,0.12,0.0498,0
5nZR6YRCKvYCXchMDpuIJ7,Water Street,0.672,0.599,0.437,99.988,0.107,-14.487,0.109,498600,10,0.412,0.028,0
3UpaVhDv0SSohoKwukMfD6,Arp 8,0.797,0.0056,0.796,122.041,0.846,-12.089,0.101,300217,10,0.564,0.0618,0
3omdHDf6LTJVnHDUKS9kN7,That Thing with the Rabbit,0.723,0.0624,0.862,99.99,0.00664,-8.222,0.131,237740,1,0.289,0.055,1
4EF0sD3FSWxf6w5VOuoQir,bluefairy,0.502,0.0223,0.783,139.035,0.0047,-7.269,0.359,231383,4,0.625,0.119,0
5Un6I8vHv1x0HdWEXjOgwc,Beautiful Strangers,0.633,0.00378,0.755,129.988,0.765,-9.904,0.445,237027,8,0.0896,0.0373,1
6tM2gr0pEFq1oPTIjFeICU,Orb Two,0.428,0.895,0.264,94.266,0.356,-18.692,0.149,184299,10,0.643,0.0413,0
08SwGX1aTHB4ggF2lE8PVg,In Your Head Now (feat. Azekel),0.721,0.393,0.619,113.979,0.911,-11.641,0.109,319643,4,0.38,0.0465,0
0GOxU3iUcbrWkvCdkvo8nL,R E A D Y T O C O N N E C T,0.281,0.61,0.372,144.095,0.886,-16.158,0.293,129984,2,0.0891,0.0441,1
2fnJWZtmyXoIXId90sYWWa,Oody Fnk,0.836,0.693,0.722,127.035,0.9,-7.918,0.285,282260,0,0.229,0.0734,0
4N8Iwg073FXfJgSdpe5xU4,Coda,0.648,0.134,0.748,127.002,0.776,-12.314,0.099,216066,10,0.449,0.0446,0
6HicnILThHx5EEay264cWT,Hip Control,0.757,0.00231,0.657,125.009,0.773,-9.415,0.136,370200,2,0.479,0.107,1
46lj4ymw5WmQkuTw9XJuHZ,Clap Gently,0.654,0.01,0.908,123.013,0.907,-9.119,0.0934,148100,2,0.0375,0.0385,1
7lvkoMYnToSLpp9XHWeEyA,Da City of a Hunnid Plays,0.621,0.108,0.836,139.975,0.00683,-5.485,0.479,197673,11,0.719,0.34,0
1X3I3nkeIQGsDzCYOurwkR,Inspirations - Extended Version,0.684,0.00808,0.748,124.989,0.742,-9.988,0.0741,353734,11,0.241,0.0398,0
4xZEEvW1L65BSUfftqRWOg,Xhale,0.541,0.00134,0.722,127.969,0.612,-8.338,0.27,273750,1,0.176,0.0298,1
4Wuhb6qTENf4xtIOzf0QGr,Border River Flow,0.768,0.0619,0.792,124.038,0.863,-9.863,0.0799,236976,5,0.577,0.0494,0
1Q3RNUOiJKH4x85KOFKG65,Blind Eye,0.736,0.121,0.673,131.988,0.858,-5.285,0.386,298000,7,0.329,0.0481,1
73rIC3DBCwd4T7IvEQWg73,don't see this,0.773,0.111,0.636,129.015,0.924,-10.084,0.0787,337137,0,0.492,0.048,1
6U9rAS28uOHyf5NZCYyt0J,Venera,0.58,0.041,0.846,122.021,0.925,-6.666,0.0878,227805,0,0.0823,0.0381,0
377KtQasdn4DggtcFLfkeg,Pearl 2,0.746,0.223,0.955,128.011,0.906,-9.243,0.105,318000,4,0.688,0.046,0
2PdVJw4ItQLSJcMA9VrUoS,I Feel You - Original Mix,0.796,0.089,0.761,89.987,0.0262,-7.85,0.0627,440368,2,0.619,0.139,1
61kGUwJrW6B9SPJBJSf7Sg,Filo,0.657,0.0268,0.623,125.999,0.855,-12.681,0.111,354604,2,0.0785,0.0345,1
2L0GFhQC5KSzBeOxL5901i,Longing For U,0.772,0.381,0.672,119.995,0.815,-10.497,0.0996,349857,11,0.0374,0.0549,0
2uUAW6qgya8keByF9mh3ui,Passed Tense,0.681,0.362,0.826,123.996,0.0132,-6.72,0.14,241087,8,0.549,0.0547,1
3RPrtaRukLoAulq4dpI1nA,Rain,0.764,0.111,0.855,124.997,0.859,-8.691,0.129,222320,6,0.426,0.0391,0
4x9l3fDzgvzg9t7Csbufrn,Defender,0.711,0.19,0.769,124.987,0.928,-8.113,0.146,374562,7,0.482,0.0364,0
4dkEsJGD9c5Z7OsacC6spw,Hang Up Your Hang Ups Version,0.622,0.501,0.566,154.763,0.539,-13.863,0.131,183187,11,0.513,0.206,0
54aj6Fe7vFlMbnBoPcMXRK,Derek And Me,0.697,0.024,0.614,110.003,0.23,-11.651,0.094,349294,11,0.48,0.0483,0
7u1Ma1e9KgiExaqQ2gU0Dm,Deft 1s,0.727,0.00927,0.665,138.012,0.845,-9.019,0.117,193000,4,0.155,0.0367,0
2adgaudYr759nP77rrWwiK,With U,0.704,0.069,0.747,122.009,0.965,-7.347,0.0446,299504,7,0.382,0.0676,1
0Ume2ALqcG0LDPecFmNgAV,f1 racer,0.656,0.983,0.203,143.915,0.772,-14.992,0.164,146720,10,0.419,0.0574,1
0vq5vqbGfNydG2XaSBVRxx,Always There,0.769,0.185,0.544,131.987,0.0371,-10.571,0.173,221846,5,0.555,0.0377,1
3HdUrpkAow3u2nX7ftTjOp,Floating Beams,0.616,0.014,0.704,115.013,0.802,-7.217,0.662,182810,1,0.19,0.0645,1
2CX7egnDEEXn9v3r8NUhxp,Pera,0.769,0.000292,0.846,126.015,0.00562,-11.215,0.0609,366899,1,0.373,0.0822,1
7JwilxLnrQBe3cFqjdmY9k,Joy Squad - Facta & K-Lone Remix,0.82,0.000322,0.5,124.987,0.887,-7.755,0.0883,251815,0,0.0892,0.128,0
6o3uuc2PnG9YJLLo97b8zk,Steppe noire,0.519,0.837,0.416,148.04,0.847,-17.774,0.101,297299,4,0.0948,0.0286,1
2FUPzuRcfp8xaJKkaHzTiQ,Golden,0.775,0.456,0.382,95.006,9.79e-05,-9.703,0.117,224842,0,0.776,0.0524,0
5w0N6wRgaPSwwpbzGMUqtu,Drive My Car (Kafuku),0.327,0.611,0.457,159.634,0.974,-17.292,0.37,219524,2,0.391,0.0294,1
4K9Qwo5S0dfxXiBv8nuGTR,All Werk Is Play,0.595,0.000968,0.623,79.975,0.0201,-10.238,0.186,123746,2,0.425,0.0973,0
1C1HXoQnkCAADnTJn1fXXi,Afterparty,0.721,0.0246,0.606,125.005,0.849,-8.68,0.0624,297141,7,0.15,0.0435,0
5gtm6zl1T2meGTS8hS0YRF,Another Year,0.822,0.363,0.785,124.996,0.523,-10.874,0.116,377933,5,0.16,0.0692,0
6HsUIbJFOJzuWgNNWVDHtV,The Sky Sings - Obas Nenor's Extended Dub,0.698,0.0704,0.559,96.985,0.196,-12.342,0.08,658376,2,0.383,0.0414,1
182TeWjHkx2zsB5kBTBJS1,The Sleeper,0.318,0.211,0.436,73.877,0.153,-7.832,0.114,231615,10,0.145,0.029,1
3Nn6tQg6gYqCMZR0IpiiFJ,"Baby, We're Ascending",0.429,0.00145,0.811,139.962,0.13,-7.91,0.502,387160,9,0.101,0.0468,1
7sIPjaEIz3puBvD9eLlSWs,Cold,0.579,0.00982,0.874,141.936,0.385,-7.775,0.0795,282349,9,0.0735,0.0446,1
1B3dZi98DVAdHCYwMual8B,Double Bend,0.771,0.000419,0.945,139.968,0.914,-7.93,0.0747,306137,1,0.649,0.058,0
5yiEvFextSviCStbutB8UI,Blood In The Snow,0.67,0.202,0.697,120.013,0.669,-7.052,0.171,286133,0,0.651,0.0292,0
4tAIZ4jqnYtuZwx5trVtbE,Bodies Of Water,0.394,0.00859,0.719,129.979,0.0257,-9.31,0.134,304307,6,0.107,0.0404,1
33pyOrXlhk1GGAUckBRbWA,Rough Air,0.47,0.878,0.315,180.054,0.923,-15.755,0.676,227230,4,0.139,0.0303,0
1kl4c9XnO8o7UTBcqWQJo5,When the Children Dance,0.327,0.295,0.516,119.992,0.359,-10.309,0.106,338444,11,0.199,0.0326,1
26chXKKR7oLwMVeMZOELo6,Recursion,0.739,0.0402,0.399,120.02,0.921,-15.516,0.0818,485841,10,0.0672,0.188,0
0meByrGhwxMB1fLV9EhCF1,Jobi,0.593,0.0544,0.716,132.009,0.888,-7.573,0.0936,381754,1,0.41,0.0406,1
7nqR4JqzSBmELk99Q5z6J2,Memory Screen + Fantasy,0.353,0.443,0.899,108.028,0.953,-9.529,0.461,228707,4,0.173,0.103,0
6bOCgEL5pfoOOUlGF9HNua,Inside The Freero Dome,0.787,0.196,0.23,122.012,0.889,-18.81,0.443,501991,9,0.515,0.0532,0
6ZynxqD0m0jIa1JDC4KPcu,Bedroom,0.569,0.645,0.771,126.98,0.934,-10.257,0.165,292911,8,0.176,0.0434,1
6dtObPFRUZ4eKsZZCp9ddZ,Hide and Seek,0.712,0.84,0.661,120.973,0.917,-12.371,0.108,309574,5,0.5,0.0484,0
5FdiUDLORFvwxzTvqqOrcC,Leave Here,0.609,0.501,0.586,123.991,0.953,-11.867,0.0918,297586,9,0.333,0.0341,0
098rzZcpw3Pd6lDHHy45X6,Wedding,0.731,0.011,0.869,129.991,0.896,-6.178,0.558,288125,4,0.393,0.059,0
3VRemRqHZi7qiWzJfc684f,Otomo,0.667,0.00409,0.841,125.994,0.856,-8.93,0.114,371520,4,0.0392,0.0423,0
0h6ENY9kDXxfbbfnX3onPR,What You Like,0.794,0.0398,0.543,124.009,0.783,-9.63,0.0858,193893,6,0.598,0.0519,1
2oIDZww61SUEmYd48m1tUc,Breathe In 191012,0.298,0.0436,0.511,116.861,0.827,-18.663,0.363,266381,8,0.112,0.359,1
0aAdjvLx7S9rgg7HRbLkxB,In My Sleep,0.623,0.0291,0.72,109.008,0.614,-10.649,0.271,501989,11,0.306,0.0363,0
1T46rPw0SECpM0bYMEJoEN,"Planet Ses, Pt. 1",0.328,0.304,0.387,81.702,0.685,-14.651,0.643,144221,1,0.176,0.0507,0
3r6jxrlgEeigDLEUtMuIE0,From The Seams,0.651,0.584,0.726,120.013,0.844,-10.596,0.11,257863,0,0.402,0.0597,1
42NPEbb30IfU6NLnPpLRQq,Into The Light,0.69,0.000531,0.866,126.011,0.854,-7.317,0.483,301062,11,0.131,0.0699,0
6wxsQyLhYrkjponLVdyYBi,The Battle Against Giants,0.819,0.0145,0.637,120.036,0.842,-9.542,0.061,292979,8,0.245,0.0365,0
4yYcbuP95sviOA60T9zVXf,Spirit,0.65,0.00473,0.819,120.015,0.775,-8.657,0.137,235377,11,0.719,0.0586,0
3aBSxEmw6Ww79Un5oC7xJU,L'Amour,0.69,0.183,0.742,119.984,0.899,-12.55,0.0865,368395,11,0.481,0.0893,0
37Uy4OBd93yP89ZhCj5je2,Sweat Sonic,0.715,0.0137,0.871,132.008,0.84,-8.591,0.0863,382488,0,0.588,0.0572,1
6On9zhsdq3gbnGmdfLeCxR,Lens - O'Flynn Remix,0.64,0.0325,0.766,131.023,0.919,-9.972,0.135,335795,11,0.118,0.0388,0
0U2fb4cYZyTAFe998npOqh,MDS (with Theophilus London),0.83,0.00717,0.671,131.986,0.000779,-7.177,0.118,176658,7,0.366,0.144,1
4mJAhcdnp1wPhQK7ODF24h,Ultraviolet,0.529,0.00497,0.812,147.967,0.837,-7.826,0.102,284128,1,0.0549,0.0369,1
1RonSMfR2Ob1qzmbKG1GQV,The Distance,0.709,0.185,0.8,124.977,0.865,-6.141,0.111,291840,10,0.211,0.0477,0
56BkhyZS6uapZH69FdhAPU,Dreizehnspecht - Nathan Fake Remix,0.55,0.0581,0.574,129.976,0.897,-9.551,0.11,493823,10,0.0522,0.201,0
4VGa1by1qnmiV4JSde3mnz,Partner - Edit,0.7,0.0416,0.743,127.003,0.829,-11.148,0.131,274016,2,0.138,0.0398,1
5kdXiiF8MxyLVhRjkVv9jQ,Sit Around The Fire,0.219,0.92,0.231,62.744,0.793,-24.187,0.114,502705,8,0.157,0.0672,1
3jpfUbj7yYPro4RTGu4ehj,Naked (Totally Enormous Extinct Dinosaurs Remix),0.757,0.00491,0.981,129.993,0.81,-5.027,0.0868,289587,8,0.724,0.0564,1
7Dm1ErVV1wpu2T6Rc8ZMIY,Stairzzzzzz,0.505,0.197,0.837,180.062,0.798,-7.743,0.101,319489,1,0.243,0.046,1
1LsZ5aoUJlphyNglORxQO3,Breaking My Mind - Jacques Greene Remix,0.772,0.0295,0.807,132.003,0.887,-5.583,0.0772,280470,2,0.793,0.0571,1
4QNMkhd49G4xJVQCrbrhst,The Daisy,0.704,0.313,0.613,132.036,0.16,-12.355,0.0952,338182,8,0.251,0.0713,0
2LDbHa87vrruqNVfN5Qkdp,La Nota,0.804,0.225,0.617,124.001,0.834,-10.138,0.134,291846,6,0.604,0.0634,0
7a14IX8l5Is5uAWlytxEkt,layer 6,0.8,0.167,0.794,169.987,0.681,-10.199,0.115,249013,0,0.141,0.146,1
3jpY5FadMxgQ48NULttOpw,Silk,0.74,0.000912,0.749,127.969,0.903,-7.885,0.0918,302795,10,0.498,0.0641,0
5dyFpHnCShXfEmDoKIg0J5,Naked,0.868,0.0028,0.811,120.05,0.000232,-5.037,0.114,218973,1,0.791,0.0358,1
4VP8nqMq7eN3vMnuAaptax,Capo,0.597,0.988,0.17,127.306,8.91e-05,-13.762,0.109,175874,0,0.556,0.0351,1
4yFiV8qwdQ2n1cF1l4BYWJ,The Snoofer,0.86,0.197,0.624,129.989,0.736,-12.787,0.0425,347046,7,0.126,0.0579,0
0TTkaLfS2hki3WGEf4gXfr,Dry Bridge,0.544,0.823,0.815,121.021,0.923,-13.041,0.111,330569,10,0.804,0.0378,1
0gljB4tf7L1JztTaSBG3AN,uMsholozi,0.825,0.0113,0.53,112.996,8.83e-06,-12.823,0.0794,401455,11,0.304,0.0506,0
6xHNcrzXu4SsqHazYSzMRK,Nan & Pop,0.687,0.105,0.817,133.008,0.818,-7.978,0.837,539000,6,0.405,0.0391,0
389Clr9DJatdSJRUVhunYG,Quiet,0.574,0.104,0.737,108.006,0.837,-10.845,0.0847,306296,2,0.114,0.0324,0
0gpMU1RQvZdPLLp8wpJzBF,BMW Track,0.738,0.0153,0.914,133.994,0.876,-5.998,0.61,443800,11,0.829,0.0479,0
5PqTJr6Wn1WBW1NdlRmSQL,Good2u,0.561,0.145,0.49,102.912,8.76e-05,-8.888,0.076,188702,3,0.203,0.0651,0
2fIJ9GRxLhI1wMf017CF7Q,Waterbaby,0.56,0.465,0.376,196.062,0.631,-18.37,0.104,186453,2,0.49,0.0643,1
38vxstSXciei0IuEO2MoGI,Running (feat. Ghetts),0.718,0.535,0.67,139.938,0.264,-8.721,0.675,242973,1,0.509,0.0494,1
6rFoXa2T7l7elYqXxYCvDz,If U Ever,0.83,0.809,0.407,132.978,0.68,-16.119,0.107,288331,5,0.409,0.121,0
1MNNFp9MUgIEbbK24oCmbf,Stare,0.573,0.11,0.574,154.01,0.0438,-10.924,0.329,221679,6,0.3,0.0563,1
10b75UgPxnaE8caGoUlB2q,Dog Walking in the Park,0.805,0.707,0.775,134.999,0.9,-8.329,0.11,233744,5,0.715,0.0365,0
2XgqIg1xo9bvzyK0DEnqxN,Modern Driveway,0.123,0.859,0.0372,82.023,0.88,-28.639,0.106,247120,10,0.0466,0.0392,0
49KMGrpCasQj4bP7R27nEL,Talia,0.615,0.0211,0.716,128.98,0.912,-9.675,0.0895,273953,1,0.29,0.0429,1
4a5z3bW1U4I1priOzKP7ez,Go With Us,0.765,8.99e-05,0.501,130.005,0.901,-12.766,0.0853,343385,1,0.381,0.0796,1
5OBUmFuhkit7MYdaVZc2bs,The Limit,0.434,0.518,0.596,89.0,0.493,-10.013,0.122,321204,9,0.139,0.16,0
20Q1NJcsDQthZNs1g3T6e7,Young Lies,0.712,0.0206,0.673,121.008,0.0176,-8.295,0.327,230840,1,0.389,0.0643,1
7dVLHkc734gAHFg9uqV84k,New World,0.714,0.0161,0.922,121.996,0.895,-5.348,0.07,276204,2,0.844,0.0407,1
4CnTM4yeCex2Bf0ooctPs1,"5,6,7,8 (Dance Is Life)",0.59,0.0342,0.703,151.818,0.891,-11.234,0.0934,386040,2,0.783,0.0643,0
5HAw7FMmW6DI9fqXDqdaLT,Home Demo,0.785,0.00615,0.357,125.015,0.537,-18.544,0.0633,265440,1,0.551,0.137,1
3vaCAJ3PTryyBZEtHNCmNf,Thoughts Grim,0.477,0.285,0.654,132.572,0.279,-7.993,0.201,279521,4,0.576,0.258,0
4uQWRd4rBrfAvLpB7Ko9lu,All Very Hush Hush,0.808,0.00328,0.769,123.03,0.438,-7.239,0.431,382439,8,0.232,0.146,1
1raUndN5SfPKzFETCbbwhH,Hot Flavor - Extended Mix,0.771,0.273,0.485,114.153,8.47e-06,-9.02,0.108,277359,6,0.644,0.277,1
0GVgT3Y3ehqbIn4c0LJjhE,Thrilla,0.659,0.308,0.697,86.024,0.000479,-7.52,0.271,291009,11,0.349,0.282,0
6DBVVirWdJMhSGxeAkhj5m,Elsewhere,0.59,0.99,0.318,160.119,0.936,-14.187,0.122,239732,7,0.434,0.0385,0
79qMKLCEIM1WZLNg9YeykB,SK-1,0.35,0.984,0.189,165.482,0.945,-23.208,0.118,122569,0,0.477,0.0456,1
5sAlA1N2gmqqmUkqe8WIsa,Rakatak,0.706,0.201,0.795,149.864,0.855,-10.424,0.0757,311533,3,0.35,0.136,0
5X90ZpkdxcPFquwlwUeKix,Be Like Water,0.678,0.593,0.564,140.016,0.903,-11.444,0.112,228395,0,0.512,0.0485,0
2y7an0zD7jCNw2MiM2u6OQ,nhs,0.681,0.592,0.427,140.035,0.0,-10.505,0.304,206200,0,0.463,0.33,1
6op3QtSUgYgeQo1F5PQD4D,Pattern of the North,0.649,0.0246,0.662,121.97,0.845,-14.891,0.201,349981,6,0.0305,0.0413,0
6yAxCaEgTD5oY8zKvHJgkI,Lose My Way,0.416,0.989,0.0866,109.545,0.0144,-13.936,0.0995,319907,3,0.112,0.0352,1
79FRd4gq3o7yXSexLVsAFh,Burner,0.76,0.136,0.79,127.0,0.783,-7.864,0.0724,308859,4,0.364,0.0619,0
5E7Vu384i251zUafwizebk,This Is Lovely,0.708,0.261,0.571,135.98,0.00737,-9.38,0.146,262639,3,0.195,0.047,0
1LJP0CBP64Ve7NYun2kKNt,Time To Go,0.82,0.0761,0.49,126.001,0.888,-15.498,0.0921,307283,4,0.191,0.0586,1
3K49Hl9vCCmJgEeMtjZHA9,Poor Marcus,0.341,0.993,0.0158,119.952,0.95,-33.5,0.104,134254,9,0.0432,0.0367,0
4b6WRfxJRY40RBpl3TMQVq,Heartbreak,0.636,0.000168,0.961,126.997,0.9,-5.644,0.095,265017,6,0.398,0.0491,1
5VDnV2q6OrlrPsHsDZtIP1,6000 Ft.,0.656,0.0793,0.902,121.015,0.871,-9.453,0.0472,336092,8,0.434,0.0403,0
6UpWBI1nTv9PnqnGKuzIuT,Heartbreak - Kerri Chandler Remix,0.814,0.000596,0.512,127.002,0.888,-9.176,0.164,379948,5,0.432,0.049,0
5MmKCuXDk2WTMjtdmIbApT,I Have a Love (Overmono Remix),0.597,0.688,0.609,128.995,7.02e-06,-10.524,0.104,366149,5,0.174,0.232,0
3JpZBMzLz5OuxtJIIiOsTh,Mirage,0.0692,0.867,0.232,75.249,0.899,-15.767,0.11,263816,7,0.0683,0.0392,0
39TFHOZblm2qQaOTyvEVJ6,Falling Through,0.195,0.938,0.181,92.345,0.912,-18.186,0.0918,171248,3,0.0466,0.0399,1
5sICnSGfWkwVmIeD9WZ2Jk,Betty,0.634,0.18,0.529,192.149,1.63e-06,-6.727,0.106,136627,1,0.53,0.34,0
6HOLZtVDh5EgvPnW4z23n2,The Chocolate Conquistadors (From Grand Theft Auto Online: The Cayo Perico Heist),0.454,0.0567,0.667,128.931,0.768,-12.648,0.109,420719,9,0.452,0.0485,0
2LJiw69NLNuwimnzGS5uIS,Room Full of Rothko,0.613,0.000157,0.908,132.069,0.844,-6.535,0.211,411696,6,0.0872,0.0668,1
3Yagxg6rtkwN01AYzA862i,Loom (feat. Bonobo),0.545,0.988,0.18,156.694,0.906,-21.022,0.0686,226867,5,0.31,0.0337,0
5V28G1ktbqATUy4ioDzJZM,Jeanette,0.583,0.651,0.543,130.008,0.88,-14.645,0.115,374360,8,0.283,0.0501,0
0ZVzN7tnseNSxtnAhTNK39,Leaves Against The Sky,0.691,0.449,0.75,134.984,0.595,-15.229,0.11,278386,5,0.524,0.0693,0
1uqOM1hQkfntTy2Wrl6qfi,Smile For A While,0.672,0.144,0.869,124.006,0.501,-5.567,0.0989,403632,2,0.412,0.0279,1
3TNb4f7DjucnEFfb1eTGfi,Forever,0.251,0.979,0.127,77.1,0.91,-19.139,0.0999,230520,9,0.0905,0.0371,0
1HMM306maOy44gGpRbyugs,Woven Song,0.297,0.992,0.126,153.564,0.81,-23.791,0.134,190284,1,0.17,0.0408,0
3g5oI7fJYh9NaQMQ5x4ItH,Your Good Times Will Come,0.596,0.0809,0.914,125.983,0.885,-8.632,0.111,290753,0,0.627,0.0355,1
0pwYCGZE0qELSDnXyQBlWn,Everything U Need,0.717,0.462,0.813,133.007,0.932,-10.039,0.076,358280,6,0.176,0.0403,0
7D0e3LOMtsHW6Xalv2Tvln,VSOD - Velvet Sky of Dreams,0.673,0.0172,0.51,117.998,0.22,-8.469,0.0918,342000,7,0.295,0.0406,1
5IpgLo7O5eBLMPgoN4MBal,The Spell - Burial Mix,0.486,0.686,0.469,123.026,0.725,-18.607,0.381,479952,8,0.315,0.109,1
5JRxI8vQjnsbb2kRtHOGVj,Sudden Awareness of Now,0.576,0.624,0.565,141.019,0.838,-13.636,0.111,435319,8,0.334,0.0397,0
5umBsHgpB2WsRA9ccQZGdz,Siren,0.34,0.0741,0.7,127.704,0.892,-7.998,0.103,382768,1,0.0388,0.0446,1
0Fs13LJdctI630wOhPcIO8,Woven Song,0.297,0.992,0.126,153.564,0.81,-23.791,0.134,190284,1,0.17,0.0408,0
2C9FXEmMRN1sq3O7OaJrk5,Ender,0.471,0.00226,0.862,88.619,0.922,-6.776,0.0806,278977,10,0.471,0.089,0
3aEsKfhk4cNr4XN3N1u8fa,A Further Look at Loss,0.407,0.915,0.325,113.945,0.973,-11.522,0.111,239947,4,0.1,0.0311,0
4VPUoBWsKZE5V4REXje7PP,Evelyn,0.546,0.293,0.617,123.999,0.864,-10.985,0.0766,321205,1,0.328,0.0355,0
2gs3ytLZiqjY5xki3bAFLM,Lone Swordsman,0.575,0.174,0.56,119.988,0.872,-13.327,0.128,233500,7,0.286,0.0375,1
7Cjwgp1aDa7gcbWKJDQAgC,Reflect,0.675,0.898,0.422,121.003,0.914,-15.279,0.105,325289,8,0.146,0.0369,1
26z2X2YaHsFzdXjtVLEKUI,Brain Wax,0.584,0.0489,0.863,115.007,0.865,-7.896,0.13,287112,10,0.124,0.0387,0
20wMPnqHdNdBWaKRaMM7fD,feel away (feat. James Blake & Mount Kimbie),0.638,0.69,0.537,79.992,0.176,-9.001,0.174,203572,0,0.351,0.0344,1
7AILf7MVG0SEl6skEXhAar,Loos In Twos (NRG),0.673,0.00198,0.813,131.997,0.817,-9.921,0.105,321241,1,0.515,0.0416,1
2StEq5J2bCq5JiwCKbansz,Sister,0.63,0.0079,0.783,119.981,0.779,-7.35,0.157,268829,4,0.399,0.0313,1
5ilb0B5bZwMxS25e6SLrBb,Snowing Throw - Lose Again,0.882,0.00736,0.792,125.063,0.87,-9.848,0.118,194258,11,0.165,0.0753,0
372r6JIBAJKawFG36x5iwC,On,0.696,0.0427,0.399,130.985,0.738,-12.826,0.0701,357240,7,0.37,0.0423,1
1yUauXd6aFxx9owxh4oTzB,Wall Street - Matthew Herbert's Street Dub,0.958,0.268,0.203,127.999,0.538,-9.592,0.109,360593,5,0.479,0.11,0
4Tzw9IdZbVyzmpWrvsGaNX,Wildfires,0.862,0.108,0.314,114.472,0.156,-8.269,0.0878,206947,3,0.502,0.0369,0
0EDAZsV2t4Lh42R0mhjmXj,Kane Train,0.643,0.0757,0.843,146.988,0.00883,-3.797,0.366,136487,1,0.265,0.322,1
6afQwMSRq70Wyjn5Y086Hu,6 O'Clock Rock,0.683,0.11,0.644,111.015,0.131,-11.195,0.122,328858,2,0.195,0.0549,1
0YEhCWvpro9aFECqS9u3oh,Les Là-Bas - Bonobo Remix,0.834,0.0474,0.652,124.035,0.89,-8.735,0.0747,317419,6,0.873,0.0751,0
7BXLth3yTGwInORorxN34m,The Heart of Things,0.164,0.866,0.202,86.963,0.872,-16.242,0.112,331022,9,0.038,0.0322,0
4RHMC3OE3oBpS32peJ6tR6,Final Days - Bonobo Remix,0.709,0.0845,0.826,116.99,0.344,-6.9,0.0975,340373,6,0.337,0.0404,0
6b7d99kMJZFEhGIJhKLbhi,Family Doggo,0.564,0.00131,0.596,117.964,0.901,-13.257,0.0933,343895,2,0.732,0.0847,1
6V7qqM8vNL6mtMiQSeWPIF,Siyabulela,0.373,0.387,0.254,104.932,0.514,-16.314,0.368,502978,2,0.114,0.0358,1
0kdo72ihFRlpgrBarCVQEz,Tiger Song,0.681,0.607,0.691,125.906,0.0,-10.32,0.147,284333,6,0.464,0.294,0
36apwMphkcaS63LY3JJMPh,Rose Rouge,0.663,0.187,0.703,117.953,0.326,-12.125,0.319,357960,3,0.299,0.0562,0
5kzM27JyTjAzqS0qimDXu6,Toque n.3 (Turvalema),0.178,0.517,0.532,129.691,0.954,-9.971,0.111,524957,1,0.146,0.0355,0
1SzNdQXN0x15dIqpAfoH4U,Blackbird,0.386,0.896,0.115,90.425,0.0533,-16.333,0.11,240960,0,0.143,0.0476,1
5dRHgznMSoyqJO7bXqnxTx,cz,0.703,0.694,0.51,91.068,0.861,-7.558,0.114,249842,11,0.631,0.134,0
6eLNnJwSlwEStbIAZVAYzd,Eyes Of My Mind,0.449,0.0948,0.82,122.015,0.351,-10.554,0.0864,552788,0,0.169,0.0487,1
75WXKQGbaT0mi6GZItcVVJ,If Loving You Is Wrong,0.73,0.517,0.903,108.006,0.161,-6.24,0.635,236412,4,0.721,0.041,0
2B32tq6y3LxOnV9OkCZLOe,Mannequin Metric,0.662,0.894,0.383,108.0,0.0221,-11.163,0.205,254625,10,0.132,0.0365,0
737JcpWdPxUDNKjzEM8FzP,A Heart So White,0.197,0.98,0.0272,133.732,0.895,-27.839,0.141,256293,3,0.0374,0.044,0
0uMD0CaCxiTwgVZhN5paQf,Brockley,0.237,0.273,0.0698,80.747,0.49,-21.669,0.161,288867,1,0.0281,0.0511,1
0GTNCbsy40iRO0LLvM7YaY,Fire Temple,0.169,0.258,0.264,113.302,0.919,-10.808,0.0643,574875,6,0.0307,0.0423,1
1zOpk9fyWgFFf0HRrTPQBt,Memory Images,0.651,0.851,0.159,206.0,0.00237,-16.918,0.174,144000,9,0.754,0.0493,0
4bzd4evyqXabRtesx4emPn,Grieving (feat. James Blake),0.687,0.373,0.527,126.087,1.07e-06,-4.344,0.216,230573,1,0.651,0.106,1
4C4Cni4yKvGFthrJ3VRjfM,1/2 Singing Bowl (Ascension) - Excerpt,0.156,0.916,0.0541,135.512,0.925,-31.179,0.112,270552,5,0.0727,0.042,1
0mGitB0vwTpuSd9A6hCYji,Kin (Anthony Naples Remix),0.628,0.0134,0.883,122.985,0.837,-10.596,0.0574,332242,7,0.375,0.0464,1
7Gq5I9cQZuFJAWmXRcqo3x,Torch Song - Jon Hopkins Edit,0.617,0.00141,0.854,130.018,0.909,-7.61,0.0851,226615,0,0.376,0.109,1
5teYCP3pROESCEaASCVf5w,You're Too Precious,0.684,0.886,0.477,149.89,0.366,-9.458,0.103,223900,1,0.297,0.14,1
2I1S479pqGIi9Uq9eNYg4F,Garden,0.142,0.923,0.16,74.023,0.892,-28.841,0.0821,325250,5,0.281,0.0414,1
0dztHJ3bdxWvjYQMNKVCp1,Smoke (feat. Jamie xx),0.659,0.0409,0.904,136.091,0.553,-6.154,0.169,228794,11,0.4,0.114,0
3BjygBarJk0ZDwEooe1ccf,Speaking Raman,0.66,0.00252,0.708,125.01,0.0229,-11.017,0.0651,358896,11,0.464,0.0479,0
506h8jAKfteka7hTvJxVur,Inoculación,0.727,0.893,0.595,105.708,0.798,-10.231,0.174,359917,9,0.485,0.0317,0
6aLXTJc7YNCjxzx7EFY1b6,Z - Laurence Guy Remix,0.584,0.000251,0.887,127.006,0.922,-10.219,0.0652,302968,1,0.367,0.0402,1
5fSj4R5pbXqqznMwRdJxJi,Thinking of You,0.772,0.0518,0.821,135.01,0.892,-9.144,0.109,323122,11,0.463,0.137,0
5Z6b7Mp2q7RPOkVKXVAGFM,Simple Dreams of Simple Days,0.256,0.0502,0.248,106.282,0.895,-14.378,0.112,167329,7,0.0835,0.0382,1
664jBL8NgKFYdiMK9bnCcz,Atlas,0.539,0.0926,0.844,129.006,0.943,-4.848,0.212,352946,3,0.127,0.032,0
37ioI91Z4S0E9WKaFKJoOX,Teenage Birdsong - Overmono Remix,0.416,0.00559,0.91,204.272,0.785,-6.686,0.0795,277678,7,0.611,0.0791,1
72Qk0QaYUl6i29FDWQDmwU,Everything You Wanted,0.619,0.915,0.363,74.517,0.0,-8.353,0.111,211333,11,0.326,0.141,0
49S3gm8TO3MclqPIYUAG2F,The Staggering Girl,0.191,0.865,0.254,134.622,0.298,-19.86,0.0771,64577,10,0.0376,0.0318,0
3dQiW5N2mVmYSmpI2suOIA,Illusion Of Time,0.364,0.715,0.307,98.803,0.931,-19.146,0.0814,262373,9,0.0331,0.0321,1
3yMem9r5sAf6qYnLfORjle,elevator girl ft. Ivy Sole,0.672,0.0841,0.423,81.952,0.00332,-9.511,0.0528,206658,10,0.653,0.0672,0
21eGoFRZOXb5goqCsscGGf,Streetlight,0.506,0.916,0.0804,79.794,0.0108,-18.736,0.076,162668,10,0.0752,0.101,1
2URXBdx9353u9BxBHQoD7K,Up and Out,0.806,0.406,0.584,105.012,0.873,-5.559,0.108,280023,0,0.613,0.0404,0
25O3YsHYgrYcFYEOrediFn,High Risk,0.488,0.879,0.112,96.371,0.891,-18.337,0.101,279760,4,0.0538,0.0416,0
2u0bltYG3O7B8LFwkPBdq9,Expanding Electricity - Single Edit,0.162,0.94,0.296,83.969,0.931,-13.56,0.107,336000,1,0.118,0.035,1
0X08uOUo8CAXyAZR1l2rAA,Sua Alma,0.739,0.186,0.779,102.99,0.206,-6.396,0.272,282766,5,0.92,0.057,1
51otAp4ocieYr1ogeg4Why,Midi Sans Frontieres (Avec Batterie),0.622,0.0511,0.703,110.003,0.803,-9.884,0.0651,360691,2,0.284,0.0392,1
1SpDxVwy2xFJUqHRSEVnvV,Dawn,0.605,0.00518,0.894,129.022,0.757,-10.519,0.0829,360349,1,0.222,0.0414,1
1eA59y8cRdu5kZKn1WBXIc,Poppy,0.802,0.148,0.357,127.007,0.885,-12.005,0.0764,275764,9,0.719,0.0941,1
6MAL1HIq8S2qiKrdFiQAHF,2 Far Gone,0.371,0.0655,0.894,126.361,0.316,-6.35,0.0954,343283,1,0.541,0.0414,1
6fd6PaAxm5J6C99g8MqQbA,Zoë,0.0818,0.934,0.0526,173.036,0.824,-27.657,0.095,148965,7,0.0805,0.0397,1
23ntXG1ogtHWnRjaYwu6qJ,Ravana,0.601,0.159,0.578,82.989,0.928,-7.033,0.102,211340,7,0.481,0.0428,1
7FXFWfEXCICfbaxONGRfYN,Heyyeh - Tom Blip Remix,0.81,0.000688,0.669,120.014,0.857,-10.848,0.0613,337270,6,0.0561,0.0814,1
2AL5OhY8Vgv32WO4H3azNb,Rose,0.713,0.00802,0.924,120.998,0.816,-8.148,0.689,323321,5,0.36,0.0499,0
5GDteA9nob1rnxgE1KFx5l,"Birds, Pt. I",0.444,0.759,0.435,109.928,0.622,-12.206,0.106,239200,7,0.0467,0.197,1
0QdbS9B2RzhZguWemGB17d,Hates Me - Jacques Greene Remix,0.652,0.000975,0.65,115.995,0.625,-13.674,0.0651,367836,2,0.101,0.0389,1
6cAs4CHN3J1lR2DYeY0q2y,Le Tigre,0.726,0.00619,0.857,139.005,0.804,-7.427,0.138,370791,10,0.142,0.054,0
4Yf9QLUM8EeHaCS7EnaHnX,Versailles (Hold) - Edit,0.425,0.467,0.375,116.99,0.525,-13.693,0.133,218727,0,0.179,0.0353,0
6CxfaUiVzPPjxtyDwjiH6q,Return to Air,0.731,0.213,0.671,100.012,0.182,-9.307,0.143,302543,4,0.055,0.0504,0
34HuLnIAKBTqWMLV4b5BPS,Rest - Pearson Sound Remix,0.768,0.0101,0.927,115.992,0.869,-9.61,0.0873,301340,10,0.208,0.0472,0
6t70HWfOrRgHlv5reQHTB6,Tobi Thwarted,0.0813,0.9,0.0169,77.365,0.925,-21.086,0.103,201643,4,0.032,0.0439,1
3xD9KPvIfr5YxcJw5XaXvf,Brain,0.732,0.117,0.665,139.594,0.000132,-6.851,0.108,230757,8,0.775,0.0584,0
63LhxeWrZEuYNiNEOktHzP,Op,0.513,0.956,0.00932,74.924,0.928,-23.168,0.121,136526,8,0.379,0.0352,1
7MWVGiavgsbWgn9yZ6MNPv,Monomom - Live,0.259,0.73,0.157,100.042,0.901,-20.834,0.0879,412133,7,0.0351,0.0352,0
1d9N4jaFExc5m9AptU6mpg,Sugar - singular balance Remix,0.194,0.69,0.392,83.011,0.947,-13.834,0.112,264001,7,0.0451,0.223,1
6pFsYKPltQ3O8Jg0ChL07a,Universe,0.403,0.381,0.516,90.999,0.0205,-11.222,0.112,197648,1,0.177,0.0341,1
6kTteVJEEkVs3Zges11EPO,"I, Cavallo",0.435,0.0624,0.674,125.02,0.801,-11.212,0.55,417071,1,0.208,0.185,1
0l6acwkMvrn2mitwpLEXhs,Burn,0.626,0.0391,0.621,133.002,0.779,-11.059,0.279,331399,7,0.394,0.0621,1
04l9bUZEsUkF6zy7hIjbbT,Joyfulness,0.655,0.234,0.582,166.079,0.0565,-11.402,0.0915,216000,0,0.399,0.0431,0
463xc1d1XJV3PERNwJlIWo,September Blues - Dan Shake Remix,0.671,0.0767,0.898,121.002,0.756,-10.33,0.0555,384525,6,0.856,0.0449,1
7KY7cq27ZmCcLWre4SdI6m,Full Moon in Scorpio,0.738,0.0069,0.865,127.023,0.79,-4.22,0.0646,246254,11,0.66,0.046,1
7ihwGiBDcSFAnbqtVdPCfr,"Adios, Florida",0.135,0.598,0.154,95.093,0.872,-20.444,0.0805,389556,3,0.0322,0.0365,1
47Y0rL0NmIstJxFgVWUqVA,Valmer,0.65,0.00252,0.724,131.973,0.83,-9.019,0.127,265636,9,0.314,0.0348,0
0O0eHO92tSDjlLirEwxad3,豊年節 - Dorian Concept Remix,0.787,0.626,0.558,89.498,0.102,-7.417,0.418,194320,8,0.752,0.327,0
3TxH9hjKCNlHTUQsPiUaLK,Bloodflow - Edit,0.488,0.591,0.663,97.021,0.908,-12.098,0.118,220074,3,0.246,0.0325,0
4sRk2fj97lzuTyLbzcLeV1,Life,0.292,0.921,0.13,138.441,0.929,-17.537,0.108,598173,6,0.071,0.0365,1
0qC6CVPzhHF8SvLzsJAC4c,Moon - Edit,0.669,0.085,0.775,120.008,0.882,-7.664,0.0937,244143,7,0.401,0.0368,1
1EIh2eXuL7y2mPV8iWM7FY,Perpetual Motion,0.717,0.675,0.621,118.977,0.926,-11.855,0.111,298987,11,0.224,0.0536,1
17YSGfgY3BizhPL8QDF1gg,Transactional Relationship,0.639,0.00719,0.731,129.996,0.482,-12.468,0.204,193535,1,0.371,0.0377,1
60HbzrF5D4ljczKkxuJmeH,Monos,0.382,0.989,0.279,121.187,0.957,-20.211,0.102,240227,6,0.0361,0.0423,1
60qsc6l7FKzhi9cEUZfaWR,Frozen Bread Snaps,0.642,0.188,0.907,134.99,0.912,-3.642,0.106,312934,9,0.203,0.0518,0
7rrUZc6DOkFEgJstIYtOFP,Overeager,0.738,0.00112,0.682,160.026,0.545,-7.357,0.0764,216620,9,0.514,0.174,1
0EE4etMJ3MNCuAEY4tFgrF,Watermelon Woman,0.765,0.0011,0.721,115.994,0.679,-10.033,0.0946,432672,9,0.691,0.054,0
17pno112VTzDeNAh34PMeC,The Rhythm Of A Dividing Pair,0.12,0.925,0.124,67.462,0.926,-18.685,0.0985,292540,2,0.0379,0.034,1
3HGq0YLcyzhsS252BmjZOa,Numero Uno,0.297,0.000605,0.715,172.727,0.89,-6.308,0.0967,226889,8,0.331,0.0303,1
0BuobeiCWrKv0OPKngNSHK,Utility,0.761,0.375,0.772,139.985,0.877,-11.574,0.0888,270724,7,0.205,0.0489,1
0OP2eMymGFlImhgokk2jln,Lu 履,0.398,0.00632,0.458,90.532,0.905,-14.768,0.1,233513,0,0.0345,0.0337,1
4crRORb2ixk978arkfwz9t,Deep Connections,0.505,0.00275,0.75,126.981,0.92,-10.903,0.144,338268,5,0.4,0.031,0
1KGPWhxaYAYpLp4MVfPxAu,Pang,0.292,0.0426,0.578,78.514,0.886,-9.494,0.0833,191230,11,0.037,0.0358,0
63f31X80nqem4VeTHL2PqM,TLSL (Stitches),0.726,0.27,0.667,100.072,0.0,-8.519,0.175,227874,8,0.578,0.11,1
7C67t32g7uvuu8ycC4Czoa,Patience,0.773,0.069,0.372,120.014,0.494,-12.766,0.207,297250,1,0.121,0.0457,1
19rwLC5rmgkzyDiP12TMha,For You Around Me,0.765,0.0543,0.631,117.012,0.897,-8.785,0.137,356916,11,0.258,0.0656,0
62gvCFP2ENmOSFG35MVF1M,Long Gone,0.768,0.446,0.569,128.991,0.624,-7.495,0.0521,400020,11,0.476,0.0618,1
6Eakq1I39qKAlyTJqc9jQL,Signs,0.71,0.00646,0.68,118.0,0.932,-8.494,0.0821,410944,10,0.659,0.0528,0
3PUylo7KayGdG3iGojzMLt,My Gull,0.236,0.974,0.085,82.038,0.454,-23.562,0.0904,130987,7,0.0391,0.0443,0
1fPPoPACi2dyXd6xd8caX2,May Yam / Wedded Dew,0.426,0.959,0.375,114.335,0.938,-17.149,0.0808,633859,7,0.414,0.0934,0
5NXPiNjC5w8kWKGbZyszxx,Stranger,0.808,0.515,0.444,130.042,0.829,-9.328,0.252,178806,0,0.709,0.11,1
0CkdQC2WblMUtelEZBbWcg,Bluest,0.377,0.14,0.338,98.455,0.917,-16.618,0.13,523688,3,0.332,0.0373,0
0szwsqUFUlNxupTMFrKE6W,Retrace,0.717,0.036,0.787,112.503,0.921,-11.222,0.111,255893,5,0.465,0.0437,1
5aRe3NaiAdDK9lr3kycmDi,Wu Punk,0.457,0.00098,0.575,161.957,0.864,-6.52,0.137,236296,7,0.13,0.0404,1
5zzkmLE2D2zQTwch2Ikjta,Fine As Feathers,0.152,0.995,0.324,93.78,0.974,-16.521,0.139,140890,0,0.141,0.043,0
330YzcDouOmiahaJah92Bd,Faded - Sandunes Remix,0.504,0.495,0.628,149.993,0.404,-12.21,0.124,228956,1,0.363,0.0316,0
1aHZ1ytX9oYLDU7mkeSkvN,Evolu,0.544,0.156,0.536,119.986,0.893,-14.714,0.0915,481913,10,0.712,0.0439,0
2TOn7sCjmLKNFWQbcCIyDH,Wado Baya,0.763,0.0012,0.705,126.003,0.828,-10.093,0.107,451522,10,0.277,0.0566,0
5U8SZMWsUGwzMPmQvQdesC,Aesop Thought,0.676,0.0166,0.72,122.535,0.811,-9.006,0.0952,232839,1,0.532,0.121,1
5HF3RyQVJFM9FFB5r3NTeO,Myrtus,0.229,0.976,0.314,146.961,0.887,-15.953,0.0745,327126,11,0.075,0.0314,0
3rCtueI7qBN2kZBZnXuk5K,Linked,0.713,0.539,0.725,122.041,0.886,-9.951,0.111,369462,6,0.24,0.0385,1
4i0yKh0l6tdVfSR8otKW9A,Painted Wolf,0.667,0.59,0.553,114.005,0.126,-12.196,0.13,343355,4,0.297,0.0463,0
7amdpZrRj5ngGURJjvpaeE,Jelly Legs,0.686,0.00175,0.911,120.001,0.828,-11.825,0.0558,419011,11,0.315,0.0457,1
4WelMc4bFzdgCV6Oi2EYXa,Drip,0.718,0.505,0.806,115.038,0.244,-10.532,0.168,400985,3,0.407,0.0656,0
7AfjsWFDhggAVRmd6wAiYv,Murdah,0.534,0.0305,0.579,127.55,0.923,-9.607,0.675,281446,6,0.0367,0.124,0
3umWfHbYfTQpKv6ob3QXfF,Actress,0.68,0.0185,0.884,123.023,0.842,-9.553,0.551,366946,6,0.262,0.0693,0
6tpEU20pqSfEXnFf9SIUzw,St. Catherine and the Calm - LNS Remix,0.485,0.0249,0.376,112.996,0.888,-17.573,0.308,667267,2,0.0309,0.0481,1
3SnNAIqtXkeKy0M7yDfNca,Big Boys Don't Cry,0.722,0.00849,0.6,120.023,0.605,-9.165,0.0722,401078,6,0.319,0.046,1
0nr1Fxo88YSQEfdiuPLg5T,Refu,0.553,0.345,0.457,116.031,0.94,-14.081,0.072,450012,8,0.164,0.0538,0
69g4JNhPRadvLgKKv1QQML,Balimba,0.552,0.724,0.735,119.848,0.518,-13.323,0.103,279653,2,0.628,0.0623,1
5BgfodYBmppmlfR8kEuBFT,I Like,0.682,0.864,0.548,109.963,0.131,-10.855,0.157,187627,3,0.286,0.131,0
6zMRPrZdAw9w1888ZQFteA,Plays John Cassavetes 2,0.168,0.17,0.379,126.963,0.761,-12.48,0.0837,597427,7,0.0389,0.0389,1
64JtbaCzTqbduHQaZYOU4T,Dance PM,0.382,0.991,0.0585,127.785,0.934,-24.358,0.0772,392320,5,0.0995,0.0418,1
4ZZmnXwntJV3jPYkwlzar3,Pretty In Plums,0.501,0.924,0.263,155.197,0.85,-25.322,0.123,280117,3,0.496,0.0382,0
0R43dXnNgF209Ygdgct0fP,Brilliant Nigga,0.763,0.0718,0.641,119.012,0.00947,-10.806,0.119,243965,1,0.493,0.145,1
1q7LDIU3gFeZXlRZpTZQOV,By Myself,0.633,0.265,0.668,119.997,0.845,-6.285,0.763,267750,8,0.036,0.0364,1
0MY20JDvQuXv2DQeFQqOyH,Ego Extent,0.728,0.288,0.809,129.993,0.928,-9.668,0.0908,214371,11,0.306,0.0921,0
2Vl69upTWML1n7jU5HpPXb,Waiting,0.283,0.958,0.00154,135.831,0.859,-24.019,0.112,206023,5,0.0696,0.0477,0
4LZwAR3Kca1eBXCVRDnwOc,Satya Yuga,0.359,0.912,0.197,125.34,0.873,-16.38,0.0939,233597,0,0.106,0.0399,0
3aLOSDqordMtEuPxOn3hbT,XSB,0.693,0.46,0.658,105.996,0.911,-12.444,0.186,331510,8,0.451,0.0547,0
13zRpWZDuOOCi6zBmWzPXo,Jump over the Hill,0.776,0.122,0.557,121.953,0.437,-7.494,0.0881,345439,10,0.528,0.0553,0
3Tc6x9waprUmAwaOjEIWEa,Ry - Edit,0.716,0.251,0.612,123.012,0.934,-11.662,0.105,220011,7,0.267,0.0465,1
3uRlcpeKEi5SvM4LfBRMh5,MLL,0.688,0.00204,0.487,120.001,0.91,-11.173,0.295,360469,8,0.735,0.0443,1
3RHWRCemNNVspfzSw1vMy7,Journey,0.404,0.966,0.101,123.999,0.925,-23.633,0.124,109200,3,0.0783,0.0349,0
4fP7FqIR05uEyif9Fvm5LD,Out of Focus,0.583,0.568,0.686,120.003,0.675,-9.526,0.118,234932,4,0.112,0.0387,0
3UYKvI6JYzkp8eep9fcWT0,Mind’s Eye,0.485,0.451,0.534,123.047,0.00291,-10.259,0.185,246087,0,0.163,0.193,0
7kjHmzcH4RjDLUivOnorpD,Atlantic Oscillations,0.705,0.00826,0.828,121.005,0.865,-8.88,0.0884,351147,7,0.856,0.0678,1
3A0ITFj6kbb9CggwtPe55f,Venom,0.436,0.425,0.655,139.712,0.0,-8.153,0.393,154749,7,0.523,0.159,1
0bO9mhJpH5R5ixn9Gv8F6O,Nikamma,0.715,0.483,0.676,181.859,0.00185,-11.895,0.102,211788,6,0.468,0.216,1
2Gd8ZQCBOjFfkZu1p7OjjX,Lovely Dots,0.31,0.748,0.279,107.1,0.922,-18.353,0.0956,447889,5,0.031,0.0519,0
2sQUWHg7de6z5QZQRx8AaK,The Deluge,0.581,0.021,0.867,125.084,0.734,-9.848,0.0677,160052,3,0.258,0.0375,0
7qgRamJa4Rmxrm94hsJyY5,I Need You,0.524,0.599,0.777,125.017,0.877,-8.431,0.123,575624,3,0.32,0.0346,0
7JQybFDM3nDTxW5awk1XVd,Birdsong,0.722,0.317,0.464,82.015,0.00682,-7.452,0.606,274019,9,0.688,0.25,0
40sFep2wZeBGSU2r4eSxBG,Mayday,0.647,0.12,0.781,124.996,0.75,-12.049,0.0608,299520,9,0.134,0.0711,1
0zRihVR6d6EO08y1pQeYKI,The Villagers,0.0644,0.951,0.121,69.079,0.953,-22.111,0.0814,120037,1,0.0296,0.0386,0
0EXyE7VONyOgYfSpiR07K4,Lullabies... Mother Sings... Father Plays...,0.54,0.873,0.4,115.55,0.000806,-12.843,0.256,209458,1,0.328,0.0289,1
2nOXX2b172iaa2dbtwIv62,(Holidays Reprise),0.268,0.991,0.00823,76.169,0.0154,-23.116,0.108,120687,11,0.307,0.045,0
3oRuCzqdduzZ2CBhAtv8zO,Portrait Gallery,0.301,0.987,0.0089,127.536,0.907,-30.804,0.101,367667,1,0.0897,0.0371,1
0E7S1k9M1KshLISVC2EP1M,Ibrik,0.738,0.257,0.512,123.01,0.879,-12.924,0.0824,350055,5,0.0867,0.0668,0
58jiO8fZTyFM0EB7Nliu0T,Never Change,0.752,0.166,0.556,90.944,0.00244,-8.822,0.186,225643,0,0.549,0.291,0
1UgSaXRBhEY8EsCbXcnfSS,Quadraluv,0.669,0.832,0.618,136.022,0.892,-13.995,0.0859,416783,0,0.2,0.0398,1
2kYhiEvpjzgiw50Eqt4JUD,Our Spirits Soar,0.667,0.0156,0.954,120.002,0.79,-6.877,0.259,421176,8,0.668,0.063,0
42EtdFbaqfBokco4oSBWsH,Due West,0.304,0.46,0.635,78.785,0.0,-7.261,0.206,251573,6,0.156,0.0793,0
24nZ5yPGkOT9qptf6zlQqJ,Tunnels,0.557,0.0813,0.692,124.994,0.876,-11.668,0.216,301662,6,0.448,0.0329,1
7aRuu6FW1xQXDhAEk6ACms,White Water,0.585,0.0889,0.7,153.899,0.00327,-7.648,0.293,250133,4,0.0732,0.0553,0
7IxRWlV8ySKHOMFmlc2ouZ,061016,0.0729,0.89,0.156,63.771,0.911,-19.638,0.177,848230,0,0.0352,0.0329,1
25GOzgUUaJfP7MhSk3MKnl,Them Is Us,0.488,0.33,0.545,175.884,0.829,-11.946,0.135,346172,1,0.0824,0.0394,0
0urRiazfTllhGXa6oGIJb5,Avatar Beach,0.583,0.0179,0.828,132.022,0.861,-7.355,0.109,206764,6,0.399,0.0359,1
5FxkaQsPbfdKWCAMSndPNq,Window,0.335,0.98,0.00742,136.655,0.911,-26.917,0.13,212333,5,0.0841,0.042,0
5Vdrq1akDDxNMEybDvmBDa,Suspirium,0.473,0.989,0.217,151.002,0.905,-15.662,0.134,201768,1,0.441,0.032,0
3pihS07XVQEavaS9n7kObt,Licking An Orchid,0.67,0.0565,0.528,87.965,0.00117,-9.372,0.102,278311,8,0.628,0.0323,0
2gZK0G7lXhkDZ12kjrbPd0,Minuet,0.181,0.00348,0.911,97.535,0.726,-6.826,0.146,267735,0,0.23,0.125,1
4rv3UTtKes3ICbrUAV3XWy,Helix - Edit,0.369,0.509,0.485,113.129,0.972,-14.625,0.109,285315,3,0.0935,0.0374,0
44pVDHtVkMjzmv6cne4sGZ,Nobody Said It Would Be Easy,0.846,0.0183,0.494,117.018,0.902,-11.488,0.0832,300560,0,0.221,0.0726,1
1xBke1qBIpQHmM9q3hKemz,Hula Om,0.318,0.994,0.127,113.992,0.957,-25.613,0.11,566967,7,0.306,0.0509,0
6fFPlyaKvRzMmCAgPaEKLj,Saafiyeey Makaa Saraayeey,0.476,0.426,0.465,139.481,0.00969,-9.163,0.302,173133,0,0.676,0.0372,0
2K9R257EJNa29HBTr1wLo3,Elhabeeb Wain? (Where is My Sweetheart?),0.255,0.00228,0.567,187.92,0.86,-7.625,0.165,115950,4,0.567,0.0388,1
3FDYhdc7SHC9cgjjn3fl9f,Fulina,0.574,0.547,0.589,92.877,0.93,-9.908,0.11,254376,8,0.679,0.0418,0
1JnWpnDCNR0ldTOmBgOMve,Space-Wars,0.326,0.664,0.484,90.205,0.95,-15.72,0.106,260836,4,0.512,0.0657,0
725V6ZzHRvPmi9cOqpf8rE,Alberto Balsalm - Aquarium Drunkard’s Lagniappe Session,0.58,0.653,0.56,97.128,0.916,-10.15,0.0996,286602,10,0.34,0.0309,1
2phFYKU17cGcD6cemRDlgD,Ganja Man,0.789,0.0168,0.944,88.009,0.306,-5.653,0.314,221946,10,0.972,0.105,0
0dquePzmMGYZyexWRtGRkF,Sanza nocturne,0.555,0.944,0.813,193.663,0.946,-8.137,0.0823,351067,7,0.564,0.224,1
5NUAscEeJlMkAsIAhHAuZ7,The Meaning Of Love,0.496,0.625,0.652,109.808,0.0927,-12.204,0.105,307760,5,0.838,0.0339,1
5ak2hgkL7iZKMxm7jGUHwC,Sah,0.682,0.626,0.518,118.539,0.43,-10.089,0.0552,224000,8,0.963,0.227,1
6IwbrqhA8HxDwcIWNbAbGV,Afe Ato Yen Bio,0.814,0.404,0.856,122.312,0.000164,-4.97,0.147,282070,3,0.95,0.0404,1
3mKr8NuxjqyjmwN0WpwZtd,String Theory (Original Mix),0.742,0.00535,0.813,125.004,0.846,-10.353,0.129,604451,10,0.54,0.0544,0
5UulKCGsFHKzXetRPWoUbW,Making Sense,0.632,0.237,0.559,140.058,0.43,-8.697,0.0934,233097,5,0.218,0.0382,0
4Uvuss8LaxNGbPPJhn3PkG,Temple,0.18,0.447,0.569,91.784,0.213,-8.715,0.0989,411759,10,0.0375,0.0372,1
3u2R3fpfSNwvEWDzSVcXVS,undir,0.368,0.78,0.479,140.009,0.89,-15.03,0.0887,390691,4,0.0367,0.0486,1
6d7pdDVxhOAAelJITR3R4Y,Where Will I Go,0.475,0.075,0.551,124.571,0.019,-10.06,0.129,256000,8,0.429,0.0353,0
2L1cSUF2v7OzuJl7C2RTeR,Snow Storm,0.373,0.994,0.0928,124.297,0.882,-20.711,0.105,377125,6,0.119,0.0369,0
71me972LWGvjRrjNAvtdXO,Bien,0.801,0.0646,0.339,91.95,0.875,-11.279,0.102,146376,9,0.32,0.0591,0
4pMJF059Rex6E7L0Z1Iipx,Identity,0.562,0.368,0.552,121.018,0.942,-15.06,0.104,378863,6,0.2,0.0427,1
2U1ywD86EqAx9JRDohDZH7,Waters Rising,0.384,0.000336,0.713,108.106,0.436,-11.337,0.556,379167,0,0.0434,0.0582,0
46eZrYtPVulmQNz6LgiTEr,J Buyers,0.422,0.411,0.707,151.487,0.886,-8.422,0.123,291029,1,0.532,0.0395,0
7FGL1wIFu0iKubXHP43jn6,Yaka Muziek,0.724,0.435,0.646,124.044,0.44,-7.61,0.416,215775,5,0.234,0.0614,0
7jGpIDmjOXjerOOV4it5q1,Mesosphere,0.631,0.0706,0.748,126.38,0.938,-8.52,0.518,330722,10,0.517,0.051,0
14hKtzUqlI1Sa1nfq0GXR3,Love Is the Message,0.34,0.347,0.558,82.901,0.907,-11.91,0.0888,449507,1,0.412,0.0351,0
7Cgmm1YGezKMTn1e3Xed93,Bird (Original Version),0.677,0.0577,0.398,109.993,0.859,-15.281,0.132,315266,0,0.265,0.0371,1
38bDal03Zeq6Gz7PpHxl61,The Edge (feat. Quantic) [Swarvy Remix],0.637,0.142,0.469,94.05,0.47,-7.727,0.133,210517,1,0.0693,0.0283,1
7FL8LRWchZHLvWutXbmcIa,Ritual Song,0.469,0.121,0.48,145.003,0.852,-13.173,0.119,310437,6,0.0361,0.0407,1
270vQeHHj1li41XLsucEHk,Newport Bounce,0.474,0.366,0.743,154.598,0.686,-6.378,0.2,271095,8,0.539,0.0407,1
6nXeNkkM9LCNAM58qz9T2B,Desires,0.813,0.00342,0.642,126.004,0.0596,-7.115,0.0514,210589,4,0.804,0.211,0
1Dl0E86yorhNRMYZ20RIfY,Don't You Forget About Me,0.292,0.169,0.4,72.44,0.00446,-11.706,0.111,348000,8,0.12,0.0349,1
1ESzyXxkUwxQF3Blh7O3Dt,No War,0.592,0.0232,0.675,119.998,0.862,-9.709,0.076,336705,2,0.276,0.0316,0
0wIPozdMmpkkD7AvOk5U1O,Habesha,0.428,0.00809,0.599,156.855,0.0508,-9.926,0.083,300000,4,0.161,0.0584,1
0g8OMKzumeD2MKzwuPTNmC,Ursa Minor,0.584,0.0197,0.913,192.058,0.909,-5.178,0.0881,378529,2,0.488,0.167,1
6jE4WAAW4f9YxyUTOy7NNn,Forgotten,0.869,0.0737,0.574,93.011,0.206,-7.387,0.417,139355,5,0.44,0.104,1
0QkEGSbBf3CqUhZ0m5M8I0,Levitation,0.595,0.953,0.318,119.953,0.9,-9.8,0.162,289764,0,0.22,0.0385,0
1zsI90Kqvo7c26KAySCRw0,Restless,0.754,0.339,0.782,115.007,0.786,-10.993,0.159,221217,8,0.941,0.0437,0
7qP4HBMVQBRmrlFhS7BG9E,Make Out in My Car - James Blake Version,0.76,0.433,0.519,123.972,1.51e-06,-6.308,0.132,255173,7,0.327,0.0498,0
7efvkqC67CKvkR591j1i3Z,Geraldine,0.578,0.577,0.216,105.04,0.146,-16.848,0.169,201893,11,0.144,0.0578,0
6hhoEUDGbNPU7PbbiUt16C,OTT,0.794,0.000412,0.944,119.998,0.917,-6.016,0.0985,510620,7,0.0378,0.0552,1
3towjnLu1qVAUXIbLubGyA,Leave a Light On,0.38,0.0876,0.438,76.039,0.00249,-8.502,0.114,258080,5,0.172,0.0322,1
1Ahp4PZ1vzdbzBCedUrsqI,The One,0.312,0.252,0.661,82.39,0.000135,-8.508,0.102,197575,0,0.443,0.092,0
7n04oWq0HYF1wX5FqJTnlH,Pablo - Original Mix,0.799,0.00814,0.87,123.995,0.94,-6.797,0.0707,530478,11,0.919,0.0598,0
7pksI8X4WvsKoTmM0DZs32,All My Dreams - Radio Edit,0.746,0.00308,0.584,105.003,0.197,-12.346,0.354,247352,10,0.552,0.0876,0
6YieSMHzOuWfcReDwAjKfO,Baniya,0.463,0.0598,0.73,110.248,0.000711,-7.155,0.0968,439587,1,0.228,0.0519,1
3JDsYB8UxGbMQNnNlAeDL0,Envelopes (Chapter VI) - Edit,0.391,0.441,0.301,71.017,0.736,-10.752,0.078,241347,8,0.0714,0.0327,1
60st6t4q5jvd7nKBgoVlgm,Turnmills - Edit,0.629,0.366,0.686,115.02,0.878,-8.826,0.232,201182,5,0.535,0.035,0
7MGFg1PXrjP9BW6RYOHBau,Wildfire,0.745,0.153,0.747,98.003,0.0495,-10.008,0.143,248876,2,0.759,0.0517,1
2VZZUylefe76BnQjK6yaGR,Call of the Forest,0.432,0.966,0.224,89.979,0.924,-15.547,0.108,194154,0,0.286,0.0335,0
1Spx9kWeFMAvL6CnHfUJtT,Kungssten Bus Stop Riddim,0.65,0.348,0.77,96.951,0.0111,-6.031,0.106,175961,11,0.312,0.0698,0
2za2VgFlRRaPfi3TuNTTEq,For The Cause,0.796,0.0171,0.742,127.001,0.632,-7.141,0.0627,274200,4,0.654,0.0823,0
6quyqbfWoWG9iXrtYl8yG2,re:member,0.366,0.968,0.336,140.037,0.934,-17.407,0.0891,367185,8,0.0542,0.0367,1
3lpPyIWXJ4K8soUTJsmxOC,Illumination,0.447,0.531,0.541,119.567,0.0211,-10.126,0.119,271139,6,0.352,0.0517,0
2ZsJw2ppC0K381lFME21iX,Emerald Rush - Edit,0.716,0.000215,0.577,106.998,0.824,-10.094,0.0924,202227,1,0.349,0.0446,0
7B4LoQ23Anl4CbUJxHCoYS,Outgrown,0.511,0.0425,0.818,127.972,0.916,-6.67,0.0969,365033,1,0.153,0.0333,1
1DoS5ql0TW3ejjJGHbsAmz,Tadow,0.719,0.711,0.487,121.729,8.36e-05,-6.21,0.0958,301639,9,0.345,0.0604,0
7dVLGEHAukEId8EP1S2GXx,Raven,0.337,0.0278,0.732,151.499,0.921,-10.68,0.106,297539,1,0.508,0.0428,1
09wCkkcKMNuAU95GBnhqOM,Chech El Khater,0.561,0.0653,0.726,172.057,0.000114,-9.567,0.167,278493,1,0.461,0.0839,1
3aZVGi4Fy0LUS4CykblAoQ,Semper,0.327,0.898,0.375,89.993,0.838,-10.7,0.088,391187,8,0.037,0.0332,0
0hhu27TVhfBKjIvKOL83IQ,Regret,0.768,0.8,0.475,119.909,0.892,-18.621,0.367,587301,10,0.718,0.0784,0
51WLmjgPAVhLnrjfQZ6tzh,Zender,0.565,0.915,0.282,75.97,0.241,-14.022,0.145,233684,9,0.201,0.0887,1
3rRLjBfDvixAxLUpHUOB3O,CAPEL CELYN,0.224,0.958,0.203,72.578,0.856,-22.757,0.111,492173,3,0.26,0.0448,0
5k385tXvI2PgPZWqQeTCRS,Where Old Meets New,0.481,0.18,0.545,176.086,0.932,-16.431,0.0815,460170,0,0.244,0.167,0
5lfBUkuT4mprXGQML18tyq,Vates,0.36,0.995,0.231,104.094,0.921,-26.701,0.0878,256725,4,0.282,0.0336,0
4BdPUhY4fXMTioDVxEIkMb,Exhale,0.226,0.778,0.191,138.844,0.00128,-17.006,0.0824,378085,4,0.0635,0.0341,0
48MPwRtt4PRuC0gUZgkI48,Water Copy,0.227,0.945,0.000882,107.782,0.916,-27.27,0.094,371867,1,0.425,0.0507,1
2OHyNLyd7gJZbJJ04ocvdO,Angels / Your Love,0.525,0.0238,0.678,168.161,0.0588,-4.914,0.354,312020,8,0.58,0.0598,0
3lLeqwECQxEL5UZrIqylmh,Now,0.415,0.937,0.347,112.977,0.866,-11.692,0.405,378795,9,0.293,0.0363,1
7knMhAPnJUQlOpXpqlMBex,Get Off My Witch,0.639,0.00387,0.853,119.983,0.852,-7.689,0.0726,323293,10,0.37,0.0864,0
2GKoPwGdEPrqDZETewmU20,Mr. P.Z.,0.807,0.00567,0.464,130.846,0.864,-10.759,0.201,403160,2,0.628,0.046,1
1JsG5d9Lz1zkx7OJcCIbAJ,Seeing Aliens,0.709,0.00317,0.74,118.983,0.797,-8.613,0.127,292500,7,0.272,0.04,0
36tbdRSqm1cWGZW7Q9NTI5,Butterflies,0.432,0.415,0.495,95.057,0.841,-13.947,0.103,132330,0,0.13,0.0313,1
5siGIjySOP4BGXyqLaqF4v,Enkuan Pt. 1,0.691,0.139,0.625,118.004,0.897,-13.674,0.111,378325,7,0.344,0.0427,1
5GqzFWTTd5UHOdJ8ZCP4ca,Massai - Full Version,0.629,0.245,0.755,106.003,0.921,-13.63,0.128,636598,9,0.124,0.0491,0
0pBc8FXG8vvhtChTexXCpy,In Between Worlds,0.56,0.392,0.397,89.976,2.43e-06,-12.659,0.116,264024,0,0.457,0.0386,1
6bQw5OvHgTVABlRziFtac1,Let Go,0.658,0.404,0.494,92.988,0.00158,-9.339,0.0959,267073,6,0.171,0.0389,0
6aNxPxDEtI1TgEp41eMeGZ,Maria También,0.744,0.00272,0.63,103.605,0.884,-7.442,0.521,190999,6,0.869,0.0462,0
0hw3K6MrT2tRyzA26mKmU1,Zone 1 to 6000,0.536,0.000191,0.802,134.919,0.00477,-6.721,0.0732,205120,2,0.155,0.041,1
79GFKFraKaZAqMUdt9g1nG,Path of Ruin - Pain Mix,0.706,2.48e-05,0.712,123.001,0.864,-8.698,0.109,647679,6,0.0477,0.051,1
5FseKiInHwPP0noCzoBmc8,Sacred Rowan Grove,0.423,0.089,0.905,120.047,0.694,-14.103,0.343,322393,8,0.352,0.0961,1
3rH94SljaUQd1KMqC0l25J,Boreal Forest,0.28,0.418,0.425,120.604,0.603,-10.815,0.106,307546,1,0.189,0.0343,1
5OnAqnPnW4ME8BUMW8ZRcw,Praying Mantis,0.793,0.00265,0.615,132.001,0.906,-8.577,0.12,268133,11,0.15,0.071,1
4Tg0ra2NwFahHXiboKtfPW,"Showreel, Pt. 2",0.274,0.06,0.787,92.635,0.689,-10.634,0.133,541428,8,0.143,0.0495,1
3JDamuaMdq1xobjSlI1qRd,Stretch Your Eyes - Quiet Village Remix,0.581,0.438,0.411,120.002,0.899,-16.362,0.105,566193,6,0.0386,0.0354,0
4zXIzoQQKBSkfUBiL4W18r,Nu Spring,0.347,0.00258,0.727,88.386,0.000167,-8.965,0.3,288010,1,0.322,0.327,1
5veNZCICsWMKLzykjlWurt,I Will Make Room for You - Four Tet Remix,0.662,0.108,0.662,120.001,0.892,-10.18,0.097,497500,6,0.731,0.0431,1
6yMAy8BOBn1dZ1Emu1akHS,Apakapa,0.598,0.00367,0.9,109.995,0.899,-9.81,0.0938,354719,7,0.445,0.0528,1
2ciHrPVlcC1xuH1Pf0KGia,Out To Rust,0.78,0.0519,0.597,126.976,1.46e-06,-7.16,0.0991,284065,0,0.442,0.0755,0
3ph4XP0xAkYkCZAGvOM9BG,Verso,0.488,0.947,0.452,136.548,0.951,-12.277,0.123,297125,3,0.156,0.033,1
40TMWT4FHQKrbb6NgfWAJ5,Pineapple,0.849,0.392,0.529,99.983,0.191,-10.038,0.105,196587,7,0.538,0.141,1
27uHnErFYCS1Sjl8LMvqkR,Why so Angry,0.701,0.202,0.728,125.023,0.703,-9.655,0.0987,252373,6,0.209,0.0586,0
74bg929M5m7OBf6cV0qtCG,U,0.721,0.0447,0.838,125.999,0.749,-7.579,0.0445,368000,8,0.453,0.0428,1
3BWMzVWFvFSILs6H8S3Tys,Till dig,0.355,0.867,0.258,116.417,0.921,-20.083,0.0907,215660,10,0.0883,0.0596,0
3boO8V8sT6jSktZpRHnsdb,Blurred (Bonobo Remix),0.69,0.0563,0.63,124.983,0.866,-13.105,0.111,361160,1,0.293,0.0417,0
1E0A352r5zPfIZ4OjxoVaV,Wave to Anchor,0.42,0.00729,0.879,128.913,8.47e-05,-4.916,0.18,279000,11,0.432,0.0568,0
2aJDlirz6v2a4HREki98cP,Glue,0.853,0.0158,0.798,129.983,0.948,-7.995,0.0967,269150,4,0.42,0.068,0
3r5L1JbOIOlbwOpCt1KOBc,Can't Find It (The House Sound),0.844,0.201,0.353,119.997,0.833,-18.775,0.0991,419776,6,0.0618,0.0737,0
3OshzfGHYAh1PlUlqtjeDV,Alagi,0.829,0.398,0.541,103.002,0.612,-13.028,0.122,272592,9,0.577,0.0864,0
5XZXq03yRv5cHzAYmHuAlt,The Travelling Song,0.665,0.366,0.52,98.01,0.0029,-9.288,0.0821,254307,10,0.674,0.0668,1
7mCL2LKHdraRa3yqXtymkK,Final Eclipse,0.576,0.045,0.753,122.696,0.651,-9.163,0.151,272069,10,0.322,0.0699,0
2RWJxsuhuGz3eHYe6r7KOI,Fridge Magnet - Radio Theme 1,0.694,0.264,0.409,115.091,0.784,-11.494,0.103,133437,8,0.0667,0.0402,1
4yHrlxSUJHyw6Du9Wg3dH5,Tape 12 Track 1,0.393,0.604,0.795,77.005,0.731,-8.096,0.127,196000,1,0.203,0.057,0
6dXlDc9V9ac6CVIltACS8g,Pass Through The Fire,0.481,0.000217,0.695,93.916,0.818,-9.4,0.111,386253,2,0.459,0.0325,1
23fEf1PfWtRbVSUEizPNjH,Inharmonious Slog,0.793,0.104,0.492,115.025,0.805,-11.081,0.337,260023,1,0.12,0.0526,0
56hFwZGsqUjuv2D766KfKa,Detroit Part II,0.875,0.129,0.413,114.007,0.832,-13.664,0.219,448307,1,0.274,0.0985,1
0CEZiMHc9BRWe5NYqRJGds,Marilyn - Palms Trax Remix,0.631,0.00111,0.662,120.019,0.539,-9.136,0.105,424549,7,0.106,0.0331,0
7gsqaQewuiCmV229FK8YCE,Veronika II - Original Mix,0.417,0.858,0.823,78.516,0.822,-11.406,0.0967,159735,0,0.293,0.0933,1
1OtWnGjAK6rmv17Z3WuI31,Robin Chasing Butterflies,0.732,0.000287,0.744,129.007,0.883,-8.585,0.0855,470388,4,0.0944,0.0464,0
1qhkrvEZw02q6xB553HDCs,Winston's Midnight Disco,0.773,0.0091,0.493,123.987,0.811,-9.691,0.201,346562,11,0.381,0.071,0
0LJySyLQHKk48L1ZHAqiji,Blue Pedro,0.789,0.365,0.642,112.007,0.862,-12.539,0.071,312827,2,0.938,0.0649,1
7M2AMJZISkdKAzHg7n2CUZ,Hanging Glass Structure,0.471,0.923,0.0708,142.878,0.96,-25.618,0.111,207994,8,0.0964,0.0536,0
0XImNAP9pPmHt8NVFMKJti,Golden Times I (Max Cooper Remix),0.592,0.161,0.579,120.014,0.886,-11.817,0.33,565917,8,0.148,0.0512,0
01iglyLhCYZYlCqAxY8Vfz,E70 No. 01,0.615,0.758,0.466,143.401,0.92,-12.131,0.105,162940,0,0.906,0.0402,1
3OhwaetItNaTXxn0mr9SkN,Samurai,0.592,0.454,0.691,119.996,0.75,-9.03,0.0995,341594,5,0.234,0.0343,0
6F2Gdh3B0FXt4mzLhSOkBK,The Passenger,0.539,0.109,0.855,131.002,0.941,-12.215,0.0922,507648,9,0.224,0.0439,0
5mxxJ1ufv8FzIVbGkxSMkw,Flickering,0.675,0.281,0.491,103.676,0.461,-13.161,0.116,211646,6,0.38,0.0432,0
1IfBG2eOnTvNQWhMLIwXSC,"Melodía de felpa, continuación",0.232,0.995,0.0567,131.142,0.958,-26.556,0.0847,199267,8,0.0659,0.052,1
5CgwhJ5YyjPrzMJYwjwRav,Let's Stay,0.401,0.0236,0.45,100.692,0.94,-13.721,0.181,298000,9,0.0768,0.0435,0
4nXjANesQwFooYaRUTDzbR,Truth,0.62,0.0188,0.442,103.997,0.385,-12.877,0.149,231025,0,0.11,0.0292,1
60tKJ2o6iLarJF5nMDs7xo,Lost Touch,0.672,0.404,0.446,125.022,0.0221,-9.945,0.615,194053,0,0.47,0.0569,0
4Z9npQ93MrnIkRcTBKwSa3,Looks,0.753,0.259,0.704,93.951,0.143,-5.562,0.103,91465,5,0.8,0.0843,1
3KjNFlK4YEMh3hZ2P4iKud,The Self,0.435,0.257,0.427,88.829,0.0367,-9.045,0.0797,319000,2,0.364,0.0378,0
2vmtkvCoE3cwmoX56CbkBX,Takeover,0.644,0.044,0.546,134.985,0.0166,-5.354,0.373,195027,7,0.295,0.026,1
2jAu8NfpemA0BMYRP0WGbx,Beyond My Eyes,0.69,0.0704,0.692,108.99,0.904,-8.807,0.1,241693,0,0.461,0.0436,1
3MNKjPvkQnMNq8BU2GwYFq,Grafts,0.207,0.921,0.195,72.091,0.822,-17.267,0.0875,1351602,5,0.0378,0.029,0
6dGKZitKS0s8at6D6xfWEl,Leitmotiv,0.792,0.783,0.621,116.012,0.89,-9.427,0.111,351943,6,0.582,0.107,0
5qoaKCFyf0uTDI1hsSarvT,Shine a Light,0.212,0.00268,0.66,170.246,0.144,-7.822,0.364,161741,2,0.482,0.0566,1
71MGOqJ6rbrIQDoOeFIe5W,We Go Home Together,0.306,0.279,0.445,101.062,0.0537,-11.259,0.324,155439,7,0.0808,0.0532,0
2vUMdAub2h5j5zuSppYQyT,Sea Calls Me Home,0.319,0.126,0.544,79.532,1.07e-05,-6.801,0.261,187360,11,0.272,0.0364,0
4312dHwyxpfyxpg0Hg5MY4,So In Love - Kornél Kovács Remix,0.638,0.263,0.382,123.973,0.797,-12.381,0.105,344254,3,0.481,0.0418,0
1GyyDYEbB0QxwDJuCTArGL,Safe Changes,0.791,0.751,0.502,104.221,0.673,-9.919,0.182,383696,4,0.606,0.0328,1
4hjgOsPfZla4MJPmu5mOWR,Soak - Axel Boman dubb,0.702,0.0117,0.465,123.005,0.9,-9.392,0.577,449280,0,0.0492,0.0314,1
00UDD8mjooNiezsxVRCYWX,Limerence,0.32,0.887,0.324,182.057,0.202,-16.613,0.119,329361,8,0.719,0.03,1
6nJvVFNUqgAR4bBMyvfJj7,A Minor Life,0.192,0.738,0.661,79.958,0.904,-7.868,0.973,253194,9,0.281,0.0689,0
4TQmCn0e9L7XTiKY4Hk8X4,Angels,0.302,0.787,0.472,92.171,0.931,-15.884,0.114,256534,9,0.069,0.0898,0
0JH6XDgzDXlM8xLotEjebL,Life on Earth,0.664,0.628,0.67,112.458,0.856,-8.463,0.303,153728,9,0.763,0.0342,0
5TVYDb8PCKxPF4eh9l4oPb,Woodstock,0.731,0.841,0.598,116.534,0.789,-9.881,0.29,338844,11,0.256,0.0366,1
7j9DYPyCuvSAtPcevpAkzb,Desafío,0.161,0.486,0.482,161.092,0.409,-11.21,0.371,233079,1,0.0926,0.0472,0
48b5MLAuChqUwBwRrhEap4,Wawa by the Ocean,0.456,0.881,0.373,136.638,0.92,-10.607,0.126,628736,11,0.299,0.0442,0
3KYR5PiwW5KjPgPXfyKGrO,Maja,0.652,0.815,0.692,116.002,0.823,-13.872,0.0948,649369,9,0.197,0.0406,0
34VPpQAdw3wDkvxoy5brv4,Woniso,0.709,0.903,0.495,114.997,0.415,-15.041,0.0716,494609,10,0.859,0.0508,0
3sOVAShVwqvZEGuVM1cO2V,The Puritan - Julianna Barwick Remix,0.174,0.908,0.0955,116.285,0.873,-29.792,0.096,326849,6,0.0544,0.0412,1
1xrV3k1w607ZSzOlBOSIqW,Repeater,0.868,0.0175,0.312,120.011,0.524,-16.353,0.0751,336500,11,0.678,0.21,0
70HugOq2RkgM8k0lw8yezC,Andromeda (feat. DRAM) - Bonobo Remix,0.76,0.0674,0.686,129.984,0.192,-6.161,0.171,315572,9,0.555,0.0584,0
7vt3bmjV7nBiXFSORkjeFO,Talk To Me You'll Understand,0.741,0.664,0.621,126.004,0.699,-11.365,0.124,417100,1,0.149,0.0511,0
3njAaDjDBb893AnRjgiRm8,Hope,0.313,0.00689,0.643,72.533,0.858,-10.254,0.125,250031,11,0.278,0.0761,1
2ij1QfykgCu8Mu0bagSMYv,Rooftop - The Invisible Remix,0.381,0.674,0.455,130.177,0.269,-11.507,0.0961,269309,0,0.324,0.0721,0
5BAXlRDW3YaPr3rfqV51TA,Comfort Chain,0.83,0.98,0.251,109.999,0.893,-19.774,0.195,184364,4,0.164,0.0779,1
0cioodTxLIxjZLZnzgch9b,Most Unusual,0.481,0.987,0.178,81.034,0.916,-17.95,0.108,75877,10,0.17,0.033,1
1BNQ5uIacL7ECsJg04mGdq,Golden Times I,0.506,0.851,0.219,119.993,0.913,-19.884,0.0978,517548,1,0.0554,0.0363,0
5fBamKoQ3aXwQpe2Cch8K6,Call Me Up,0.764,0.861,0.24,76.019,0.00681,-11.229,0.101,148563,0,0.524,0.104,1
7dPsMFngUzDDAzmFDKniw5,Like You Wanna,0.799,0.0136,0.924,121.997,0.134,-8.932,0.127,254584,10,0.376,0.0587,0
528cn9VuUcjioySL0258gV,(No One Knows Me) Like the Piano,0.619,0.976,0.198,128.998,0.00191,-13.808,0.104,218160,10,0.179,0.0344,1
5KsGGuOc058tJ9Sieb6Rkx,"Prism, Pt. 1",0.74,0.164,0.6,107.003,0.825,-7.959,0.248,224089,7,0.29,0.0743,0
2xmZlaJYI7BJ7nP1F7BbUm,Planete Sauvage,0.803,0.807,0.488,90.008,0.849,-10.979,0.127,350027,8,0.0914,0.106,0
35JyMcZhBwfNF9x9gev7vq,Best Heard in Shadows,0.767,0.134,0.488,79.004,0.687,-13.503,0.0818,237440,9,0.453,0.198,0
5qXS6M3tIptCtursDNA9Cc,Greenleaf,0.798,0.821,0.504,117.075,0.85,-16.499,0.11,269028,9,0.228,0.0592,0
4kDNjE4tpkMKDRKTWixPKw,Follow My Voice,0.396,0.959,0.0771,107.057,3.29e-05,-14.626,0.133,242387,2,0.174,0.0398,1
6aAx98Vjy0tX499XGbFC7s,(Muziek) Remake,0.916,0.113,0.781,122.984,0.824,-14.604,0.0566,335915,0,0.96,0.0791,1
5q0gPpBVNNusEenuXo3hw3,Love & Hate,0.308,0.174,0.513,82.283,0.000342,-7.808,0.187,427093,0,0.489,0.0292,1
1Q1OEWMdj88YNUGel55nxs,Timmy's Prayer,0.653,0.48,0.55,139.518,0.00101,-10.111,0.102,261787,1,0.235,0.109,1
3csiMgHDKJ4CvhmkTgM56g,Untitled A2,0.706,0.071,0.65,121.0,0.829,-22.287,0.0952,271758,1,0.488,0.0718,1
6La6oQO7rFQ91El8lCfWdv,Change,0.916,0.0263,0.938,120.01,0.153,-9.416,0.0279,275621,9,0.921,0.0889,0
3XJc8HnHFOInQYtIhJy6x9,Song for My Father,0.896,0.294,0.474,113.205,0.0119,-9.99,0.132,363378,0,0.897,0.16,0
702Aj0v2XDQyWkeq2gSCX9,Sure,0.396,0.875,0.233,134.617,0.000936,-15.799,0.0789,277618,4,0.0389,0.0507,0
4hFnlpT7IqxdR9wfCayRw6,Creeping,0.488,0.197,0.415,77.6,0.0,-8.078,0.123,173344,11,0.305,0.438,0
4yQtVEWby0Sd13DGoSuAgu,Lila Club (Club Mix),0.842,0.0929,0.721,119.991,0.823,-6.452,0.287,333107,9,0.465,0.0442,1
2UTARcdseDfnPiOA6KAj3J,We Dance Again,0.676,0.171,0.352,122.017,0.58,-18.299,0.111,281193,7,0.489,0.0482,1
679wYTdyNGOtAT6t8AUSgw,For Us,0.711,0.831,0.411,98.322,0.382,-17.654,0.0841,174808,7,0.557,0.0519,0
0Byfa6nOF5hIhmw5puM45b,Somewhere,0.747,0.000829,0.57,123.002,0.776,-11.197,0.288,409756,8,0.46,0.0323,1
53oOhcGuYJVIswjBy0oMee,Gloom,0.516,0.221,0.888,100.149,0.774,-6.325,0.093,144697,10,0.146,0.12,1
3aIrFcNYiCjPg37hRoV0jq,Terrazzo (feat. Motion Graphics),0.189,0.817,0.224,95.085,0.899,-17.653,0.24,220800,3,0.118,0.0369,0
4UmuBF2XzW3EkO0rfrnYNO,Break Apart,0.648,0.864,0.458,119.96,0.0944,-15.169,0.366,274693,5,0.0848,0.0311,1
5vtyVp21VYlLQhPQzG57Kd,Chiba Days,0.746,0.0312,0.859,123.006,0.853,-11.279,0.16,220822,6,0.872,0.0488,1
5ziYoXutr7LlxWtJNDnRG4,Deceiver,0.0716,0.835,0.0835,67.429,0.675,-21.746,0.0991,282000,2,0.0479,0.0406,0
0ekL7vs3KjwcmBcIcmmK65,Kangaru,0.299,0.965,0.217,84.12,0.915,-17.668,0.104,175982,3,0.0515,0.0403,1
0vMN8GO5SQsYQF4Aat3L8l,Gap in the Clouds,0.596,0.592,0.533,139.935,0.0113,-8.391,0.31,280074,9,0.205,0.0372,1
7r3iUAjfsiwb5byu8IlO0F,Öldurót - Island Songs IV,0.14,0.93,0.133,142.012,0.918,-15.785,0.121,268773,10,0.0716,0.038,0
1SX69Pf0ZLDneHONakLsWt,Home,0.825,0.344,0.435,113.928,0.837,-12.432,0.218,336842,9,0.452,0.259,0
3wUX7HpXS382s1DHTRouVk,We The People....,0.709,0.00925,0.805,92.601,0.0,-5.471,0.141,172013,1,0.897,0.0638,1
1LWwjmb8ws7og9NS6QJ6xm,Starwood Choker,0.153,0.903,0.198,85.738,0.933,-19.542,0.0977,376956,11,0.0356,0.0333,1
3AuSogI89rld1KqfUpL3Np,Kerala,0.529,0.0237,0.739,124.75,0.607,-9.578,0.171,237547,7,0.138,0.0718,0
26Pezt3F2ByPpeoEouTp4s,Love$ick - Four Tet Remix,0.615,0.126,0.916,178.164,0.12,-5.159,0.369,235693,10,0.378,0.1,0
0f2zV1DRcts1vRxGfiVgVS,Thousand Yard Stare,0.597,0.356,0.506,125.001,0.85,-12.761,0.107,525374,2,0.576,0.0299,0
1yINKqfzfsqhnR263V03A0,Lowrider,0.533,0.0125,0.677,126.201,0.883,-9.37,0.0812,268467,2,0.571,0.0409,1
0oxhycwSVnEOfQfPmeZUYk,Down With You Baby,0.755,0.0252,0.599,106.028,0.646,-10.187,0.0815,403019,5,0.604,0.0313,0
2I3l32ErrSKFxVEfT7Fnuw,The Feeling When You Walk Away,0.572,0.576,0.539,86.048,0.266,-12.256,0.0846,180000,8,0.515,0.0275,1
3Gac1U5SpdQgQyX6WI6a7m,Afterglow,0.517,0.00837,0.736,137.982,0.775,-8.252,0.0857,233440,8,0.0872,0.0361,0
5KMP3hXEI2T01ZZantqD9G,Frigid Air,0.546,0.059,0.905,128.009,0.91,-10.268,0.0797,281773,5,0.0654,0.0396,0
3FMt1pZHDNzzthh9p1swkV,Waiting For L,0.501,0.0707,0.912,62.47,0.83,-6.073,0.357,308439,6,0.679,0.178,1
5LBuEKsWeHSwUaudcFIV0Z,Nothin to Talk About,0.734,0.0751,0.556,82.987,9.81e-05,-7.508,0.325,165303,11,0.472,0.184,0
5WY2nfub0krPVi3sMlK13Z,Luther's Joint,0.82,0.0231,0.446,105.928,0.148,-7.778,0.162,207317,6,0.426,0.0564,1
5lMugQF80AuN6uukFJLT58,Junie,0.826,0.206,0.724,100.003,0.0608,-4.058,0.144,186027,10,0.652,0.0846,1
7jwvnvnwlcp3zRGto4CUwV,Lonely World,0.272,0.216,0.629,124.924,0.0744,-7.249,0.189,287867,7,0.145,0.0504,0
12RMPmcliWCfzKuYRtHuxl,Joyous,0.405,0.697,0.518,142.813,0.874,-10.063,0.119,398080,7,0.306,0.0602,1
5EeNRe6Fi29tTrssVzl4dw,Epoch,0.559,0.0711,0.743,119.981,0.9,-9.447,0.152,345387,1,0.264,0.0532,1
5NzTuEPCeELi0mMAKFOdBD,Wejene Aola,0.58,0.0024,0.732,89.997,0.0118,-5.875,0.142,216533,7,0.459,0.0902,1
7IpnYPoeHA94ZAuCmPhgBx,Dollar,0.518,0.507,0.638,96.797,1.75e-05,-5.278,0.087,216987,11,0.475,0.054,1
58iaa4IU9JZKDZlFf2Vf7U,All Around the World,0.733,0.0335,0.6,75.021,0.0221,-6.872,0.101,215869,1,0.154,0.119,1
74zI09acHC2xIoQ0odMA0p,With Me Now,0.718,0.765,0.487,146.994,0.0638,-14.169,0.0968,192965,8,0.481,0.136,0
5H4PAvtkfCt9CgbtKgoX04,On Our Way Home,0.53,0.0465,0.89,172.013,0.0819,-7.818,0.272,337842,0,0.477,0.0584,1
0FcbbziqSfblMsKJbtPKU8,The Way That You Like,0.766,0.0444,0.499,113.97,0.662,-9.422,0.104,225831,8,0.113,0.035,1
5RUs0R1k2KUHiWqkE2RFxr,Life’s Dancers - Floating Points Remix,0.632,0.0927,0.474,112.098,0.819,-11.487,0.114,581996,8,0.112,0.0411,0
1DiiqCzEiNPP1qHBvXXWxw,Step 2001,0.801,0.151,0.872,140.018,0.0,-6.73,0.251,205714,10,0.912,0.334,1
6ZgIoVt0NWOZp7MN0K75wf,Bullnose Step,0.559,0.037,0.708,139.994,0.934,-11.744,0.11,240000,4,0.0426,0.0344,0
0r79jMZuI51tbG6csFIhWl,Yo Chavez,0.361,0.526,0.269,132.854,0.755,-17.181,0.134,239480,0,0.0373,0.042,1
21230g6OTpmKd7cuGbzoOy,Nocturne 3,0.567,0.609,0.128,110.956,0.926,-20.462,0.274,219480,10,0.0925,0.0408,0
6GEKYH0IF0jDkev9u1I7hg,Cubist Camouflage,0.441,0.978,0.244,121.329,0.944,-17.925,0.105,160707,6,0.727,0.0343,1
68hNg5ky3kfciugPW5MAfa,In the Dust of This Planet,0.59,0.054,0.703,117.001,0.915,-11.879,0.108,479747,7,0.175,0.0374,1
3zrzWaSPLL8zEYvbHiMQUR,Bismillah,0.389,0.881,0.836,89.87,0.619,-6.829,0.0991,485227,1,0.696,0.085,1
5dzCLmga8b5wBFzneVhoRz,Time Moves Slowly (feat. Samuel T. Herring),0.612,0.479,0.375,139.93,0.0357,-10.916,0.102,273864,11,0.331,0.054,0
0WFFNZF1ltpGbhkJREgJ8x,Licht,0.511,0.0362,0.527,122.948,0.884,-10.514,0.0954,319872,5,0.119,0.0349,0
4O0AvFe6sEMyIewBw4ALaA,Empathy,0.207,0.643,0.254,132.189,0.00333,-13.835,0.118,217847,9,0.0399,0.033,0
0A6Ex80dxSp8JP545CR34i,Desirée,0.422,0.446,0.812,118.003,0.000269,-7.025,0.373,180638,9,0.657,0.176,0
1z2PN9Fcm4gKorXvTx8Vsc,The Gateway,0.69,0.411,0.805,136.955,0.00312,-4.833,0.0807,192705,10,0.184,0.0463,1
0dNffOIQTFFfv6xLzBn42x,Under The Sun,0.348,0.675,0.334,167.943,0.952,-17.459,0.226,390844,8,0.328,0.129,1
2el1cPm0N9Zshgdg4p90Nd,Postpartum - Dorian Concept Remix,0.55,0.148,0.623,130.062,0.778,-8.621,0.143,252641,8,0.452,0.0318,0
4IMGD5qeSALNHn2U31YxiE,Hit The Breaks (Main Mix),0.705,0.00355,0.876,120.029,0.921,-5.906,0.0538,275113,7,0.173,0.0488,1
4YXrotEiEDQtmVdugutstF,9 Years - DJ Koze Remix,0.806,0.00157,0.521,120.0,0.67,-9.095,0.0425,600613,1,0.165,0.0644,1
5xqEHUDsehbdVtiplRu3o0,Timewave Zero,0.29,0.0124,0.817,147.644,0.892,-7.3,0.0794,162981,11,0.623,0.038,0
2MzJscyC6vlr7zRXKJ1IIr,Kotos,0.794,0.341,0.283,136.039,0.643,-17.359,0.282,238920,7,0.0755,0.201,1
4vXZNlgq2B0XXRwkQTfdQP,Ouvert,0.562,0.0665,0.81,164.025,0.837,-9.014,0.235,305786,0,0.318,0.0547,0
5UFtKaL5KBumqv4tpgdm0p,Laputa (Taylor McFerrin Remix feat. Anderson .Paak),0.453,0.271,0.655,106.222,0.0,-7.709,0.118,244240,5,0.492,0.302,0
63oso9rTok02rrM2jj8JRS,Paradisea,0.724,0.00324,0.904,119.977,0.814,-7.266,0.285,398337,5,0.807,0.036,0
5qDqu7fMGVPGfPYTmrtNKX,Hide On The Treads 3,0.288,0.902,0.476,81.762,0.9,-9.989,0.0726,129053,0,0.119,0.0293,0
3UzSfFhvQr3EUnmoRnCGu5,A Delicate Balance,0.112,0.609,0.409,179.494,0.922,-11.733,0.0991,291027,9,0.0361,0.0441,1
3ly7BumjC9xoOKRM2UPHC1,Beautiful People,0.472,0.855,0.304,183.892,0.903,-19.755,0.0993,362051,2,0.317,0.0323,0
28UYIs4bHvBYqc9YiHqFZd,Drone Bomb Me,0.452,0.178,0.48,136.603,0.00065,-7.533,0.136,250978,6,0.0579,0.0316,0
3fp4QHNFEOqaJXXP2oJ1qq,J.B.Y.,0.646,0.657,0.634,95.019,0.852,-9.657,0.109,316304,7,0.124,0.0429,0
2V539MV3mX2iNjpaalJeqH,20:17,0.363,0.986,0.0225,109.115,0.904,-29.095,0.319,355228,3,0.179,0.0395,1
0psuMM27UzXPXyWIApcdMg,Nebula,0.0638,0.884,0.35,61.838,0.901,-10.45,0.123,334213,11,0.0391,0.0398,0
31XR0F9W0FDJkDSjCBgCTR,Sadeo,0.475,0.906,0.393,98.878,0.00145,-11.273,0.18,309388,0,0.0764,0.032,1
3bPlMzfHJMYqdAC80NLPTb,Remember the Rain,0.519,0.74,0.402,136.062,0.0199,-8.963,0.108,280063,6,0.51,0.0304,1
6yiAkllub2vnDy4YQdwAPy,JNT - Original Mix,0.687,0.0797,0.544,122.803,0.873,-9.036,0.109,346867,8,0.0896,0.0779,1
7Gmyfr90pUYuwbTyJxcfDq,Ritual,0.561,0.676,0.245,176.223,0.581,-6.944,0.113,348853,10,0.308,0.0292,0
6UP76dE8ic5pkBSkLn9Gwb,Time Eater,0.383,0.0781,0.908,119.958,0.816,-6.741,0.181,298152,6,0.356,0.0578,1
0MfC7MIMsyGtqVQseM6Ywt,KAYA,0.559,0.0429,0.473,115.884,0.0199,-9.52,0.115,221366,11,0.452,0.0413,1
0aHyfO1gb7HsZhtZhgwE1o,Desmond's Empire,0.537,0.0255,0.611,117.884,0.0921,-10.691,0.133,276246,11,0.174,0.0509,1
3mWYUNhU5nNxi9oBL5VXql,The Circle,0.695,0.275,0.84,174.024,0.00162,-9.378,0.104,209613,11,0.862,0.136,1
295WburT6J6NrX3DUBTWCf,Ghomrassen,0.311,0.364,0.84,79.048,0.0809,-5.183,0.641,310080,7,0.139,0.0866,0
2nzHSd02748Zu9eMpkG2Y3,Super étoile,0.319,0.974,0.306,151.759,0.864,-17.809,0.107,235067,9,0.823,0.0361,0
7oYXoqBcKmijPfyAv0VS0G,It Means I Love You,0.725,0.0791,0.639,159.999,0.591,-8.895,0.0951,281733,7,0.636,0.0956,1
3hi8BVe4PZFpHuVQUGB2bY,Mechanical Turk (Courtesy of Karpov not Kasparov),0.625,0.0182,0.633,113.022,0.771,-13.052,0.0499,535724,2,0.676,0.0403,1
0cTLKPTA5rwpjrGutKO1r8,Csay Csay,0.73,0.218,0.601,113.274,0.472,-8.746,0.0652,361178,6,0.0625,0.0422,0
2kbG99CwKxSZ0NTE4xhteT,Gratitude,0.688,0.00384,0.888,120.064,0.0,-5.588,0.0981,217386,11,0.401,0.0957,1
5rmCzmaH2traCVwGXbX3Sm,Gunpoint Pt. II,0.57,0.402,0.912,125.986,0.791,-5.61,0.186,278820,11,0.55,0.0342,0
4fZYzz6EpySAtyBb5Xciqa,Ammi Ammi,0.609,0.359,0.573,109.8,0.423,-11.871,0.596,209840,11,0.492,0.247,1
3DwBvJjV6WCDkjpBcHGMDY,Drawn,0.721,0.066,0.625,119.999,0.911,-10.559,0.122,260938,10,0.571,0.0504,0
1sC2InSbuISimH8Svsw4c8,Somebody to Love Tonight,0.734,0.528,0.562,105.999,0.918,-11.348,0.104,454682,6,0.775,0.0373,0
6cZvpqGxdv9uecOw4chV7H,You're so Cool,0.374,0.636,0.527,84.995,0.0406,-7.329,0.118,255030,1,0.0781,0.0293,0
5H6bqE8a3FwbdiZEnXFSqd,Midnight on Rainbow Road (BAB 5),0.539,0.611,0.832,109.01,0.971,-7.532,0.29,383669,5,0.147,0.0479,0
2FjDg4FQiTRmVFrQwZJRL5,Unknown,0.823,0.0317,0.517,116.003,0.869,-12.552,0.0776,457856,4,0.131,0.0445,1
1usniPDaV3LohZCPXnvivD,Obsidian Morning,0.569,0.00144,0.866,123.049,0.731,-5.588,0.0433,314634,1,0.464,0.0803,1
5np7wBYlWvAoXxDVWUPWZT,Pre,0.557,0.137,0.682,110.988,0.735,-11.385,0.108,314863,4,0.0784,0.0349,0
4NqxAPv6ZAg9Lccf1QFTVg,Haunted (feat. Sevdaliza),0.623,0.402,0.377,122.591,0.0166,-10.287,0.105,207835,8,0.397,0.0816,0
3jzerzfM8lLFej7MAry7qG,Kandaiki,0.31,0.781,0.428,92.294,0.922,-13.055,0.0478,315693,10,0.582,0.0305,0
5WZD4aZbU5KwGPzEs9Zu6A,Awaken,0.805,0.000394,0.87,114.0,0.755,-8.656,0.11,344259,6,0.851,0.0342,1
6OVjLqyFAjVW46275YKmeI,2nd Touch - Roman Flügel Remix,0.707,0.0248,0.566,119.989,0.699,-7.489,0.106,454124,9,0.421,0.0365,0
3bu35oKLRgaZvqnbsCji5E,Forgiven,0.67,0.0575,0.737,107.014,0.726,-9.417,0.229,314119,0,0.45,0.0399,0
5vG7iwUFxDI8xSDfya1Ist,LONG DISTANCE,0.633,0.779,0.764,75.52,0.000188,-4.594,0.408,219474,3,0.374,0.376,1
2Luqfi5MDDR4iC7n3NzYWB,"Dead Friends (feat. Andrea, Nonamegypsy & Thundercat)",0.477,0.456,0.859,109.197,0.0,-5.397,0.173,213289,6,0.506,0.305,0
5pLeAChZvoVYikxQfVvUOd,Men of Glass,0.386,0.235,0.694,112.286,0.0166,-8.096,0.166,262268,7,0.154,0.0584,0
6iL9iIXKW1w1U4EH1tz4o1,"Sooty Shearwater, King of Migration",0.802,0.0952,0.563,122.012,0.891,-9.208,0.109,292410,8,0.0776,0.0576,1
1YTfQ9rW1OhIyZiF1F89Lg,Do My Thing,0.849,0.0768,0.863,122.009,0.858,-5.714,0.102,215877,1,0.166,0.104,1
70URh1j5dgFbK9Odc5yCkA,First Light,0.615,0.328,0.495,146.027,0.218,-9.468,0.0767,210411,11,0.122,0.0329,1
1Vtqq62RwufehM22vjWByN,Message,0.92,0.0772,0.3,100.976,0.239,-9.308,0.0719,268880,2,0.916,0.0417,0
4HAgflaWvlNDufgCL0Xtm8,Fuckin' Up the Count,0.655,0.399,0.666,149.815,0.0,-5.573,0.13,201614,7,0.389,0.333,0
7sDcVjNU2bbgRDz8tYn935,Africa Calling,0.495,0.24,0.653,119.83,2.05e-06,-5.971,0.312,238693,0,0.93,0.0517,0
2vKfzXGoMaKjvfqk3dPstG,Everyday,0.664,0.00544,0.808,129.021,0.93,-11.068,0.0522,419187,9,0.356,0.0447,1
3JV7WZVxNCnTRvjiX3wF1g,Changaa Attack,0.693,0.165,0.829,122.961,0.645,-9.821,0.15,177737,0,0.68,0.0488,1
2hinqo5HVB7qla5iMrKUFB,Winter Linn,0.548,0.00676,0.799,90.01,0.962,-7.329,0.114,188653,9,0.371,0.0606,0
2tyApIdBzpMeUGiywV3h52,Glower,0.572,0.308,0.815,120.001,0.669,-8.17,0.0838,384591,3,0.0416,0.0506,0
6Ig6kjJsL0zwsdT1Cb2oBT,1979,0.454,0.00728,0.755,120.0,0.921,-13.548,0.0983,657562,2,0.243,0.0487,1
6khve9GNYhAq72Sv4Wgn3E,Toki no Senrei wo Uketeinai mono wo Yomuna,0.174,0.98,0.295,172.164,0.881,-17.682,0.122,109973,5,0.498,0.0381,0
70XyAVH4pHLgZ2QNvmv1D9,Seeds,0.302,0.912,0.271,112.362,0.000788,-12.34,0.0999,234680,10,0.182,0.0311,1
1ZuBqsl5K0riNCQ7ZLkPpw,Malukayi,0.601,0.177,0.813,101.587,0.0766,-7.961,0.334,360097,9,0.185,0.0328,1
25tunVQWLKWDbV2H9dA1Qc,Movements,0.43,0.255,0.586,180.136,0.0,-7.397,0.0692,269333,11,0.17,0.388,0
4cdufTA09eo6h9aTA4ATvz,Clear Skies,0.518,0.56,0.523,115.999,0.939,-13.674,0.14,316656,6,0.461,0.0322,0
2yxyRfIh4jXQIaFoB2roWC,Two Brothers,0.673,0.088,0.857,109.99,0.0108,-7.493,0.0754,347613,4,0.47,0.0422,0
5R5shSt0yzM6aeZvJ06s0j,Breathing Underwater,0.511,0.487,0.391,112.196,0.0,-10.85,0.112,344320,7,0.58,0.0443,1
3loLXLMqHTwtY9ycNhIoDR,Coming Home,0.514,0.456,0.453,75.548,0.000181,-7.062,0.178,215613,6,0.54,0.0267,1
3Iap0TRPPdl528Wk9kV4zq,Gelis,0.41,0.97,0.0847,105.874,0.945,-21.623,0.11,188250,10,0.0826,0.0434,0
3zdW3zHXGuIBloCD8YnOei,Forever Dolphin Love,0.505,0.83,0.373,122.13,0.807,-12.923,0.083,604333,6,0.0903,0.0414,1
5pzhKQbRtZYJshOHGtufPw,Abraham's Theme,0.211,0.807,0.015,73.644,0.0991,-31.064,0.077,182587,1,0.0341,0.0434,0
1x6fQ08Smj58AYlSchDMVV,Don't Wait,0.766,0.2,0.536,106.981,0.741,-10.454,0.0664,317560,11,0.142,0.0663,0
2lxcJ9yLt9YhBowyKw06Mm,D&T - Dorian Concept Remix,0.534,0.0685,0.688,109.505,0.765,-5.956,0.0935,308067,2,0.11,0.0498,1
4OpLrdhfNtM4B7nzB0SQqy,Clear,0.818,0.111,0.797,120.007,0.894,-7.178,0.107,322387,8,0.53,0.0415,1
5Tiqg3D1R7iK1cclflnF2H,Something In The Air - Bonobo Remix,0.728,0.0532,0.71,118.011,0.901,-9.903,0.035,366989,11,0.157,0.0537,0
08Pf43rcNQz5JkMq4H4gJz,Mama's Wisdom,0.626,0.589,0.729,121.906,0.896,-8.612,0.156,283887,4,0.147,0.0417,0
20OvtcB4riRmoXeGoyr5UA,Primative People - Tale Of Us Remix,0.653,0.00944,0.814,120.004,0.656,-8.641,0.162,426783,11,0.507,0.0372,0
7nQQCm9y6lxnk4WdVCvQVy,Lydia,0.669,0.0135,0.545,118.031,0.899,-11.611,0.118,344347,1,0.327,0.067,1
2XeheVhX7rgA6tWOJdyIqX,Maputo Jam,0.719,0.13,0.781,119.981,0.031,-7.595,0.11,305714,8,0.347,0.271,0
3hPQQLoF4w3tfe8ZliOs8v,Moon Circles,0.786,0.121,0.725,119.988,0.805,-6.911,0.163,244093,11,0.716,0.0485,1
3dPSsk7SMKHTiV311iovMI,Naoko,0.687,0.0854,0.796,123.001,0.903,-8.923,0.342,366573,5,0.566,0.0456,0
2ePf1Ec3J5J6agLnflmrk2,First Fires - Maya Jane Coles Remix,0.756,0.0122,0.695,116.038,0.184,-6.733,0.0814,352886,1,0.561,0.0321,1
45Kuq3ZNftGinVWu1TThnA,Lapwing,0.713,0.00285,0.763,120.966,0.701,-6.225,0.0579,257725,3,0.884,0.0499,0
6XOcK5vRlhQHdGk0l9VWzq,Requiem,0.81,0.0124,0.71,120.005,0.891,-11.372,0.0565,450500,1,0.881,0.0576,1
49S1t6AVGQn2re2jFp7elt,Bissao - Pilooski Edit,0.825,0.534,0.717,119.969,0.00512,-6.402,0.437,342448,3,0.163,0.229,1
7oIi9sXd1eVPpj3iBKR2vz,Woo Ha,0.659,0.000157,0.928,124.972,0.0834,-7.726,0.335,355178,1,0.425,0.211,1
0nkKToaJu16rYa7lJ9oYCn,Reflected,0.555,0.921,0.277,127.941,0.157,-11.641,0.0955,240656,0,0.0437,0.0858,0
6moHGusnsgfjUJ8qJFwmif,Decisions,0.611,0.446,0.471,128.018,0.312,-13.272,0.136,194907,6,0.43,0.125,0
3myznUOJDSBLSW7boRvPVa,The Tempest,0.416,0.0487,0.697,125.041,0.387,-9.484,0.281,250897,10,0.147,0.07,0
7xRKHhAYDixP5I3fwOB5p8,Runnin' - Machinedrum Remix,0.534,0.096,0.782,160.035,0.00124,-7.338,0.221,314416,2,0.305,0.0531,0
7rlDmA8x2FO6plemjnPE0i,Embryonic - Lone Remix,0.459,0.507,0.811,159.976,0.758,-5.9,0.137,281844,6,0.19,0.0356,0
3OjXa0HLoWhbwxyDSNWTGa,Glassbeadgames - 8 Hours at Fabric Dub,0.845,0.0275,0.564,123.979,0.714,-11.955,0.0753,481690,9,0.356,0.102,0
6vhmHKMhUModBQccVcCKSb,Bambro Koyo Ganda,0.725,0.202,0.572,115.52,0.34,-10.217,0.118,302428,1,0.185,0.057,1
0UoXzSgRU5Igibr2Wntm9w,Elephants - Original Mix,0.759,0.0387,0.402,117.997,0.827,-13.783,0.101,499384,10,0.0854,0.082,0
37Cf0ZTkUPOIaY8pbdeP7P,Kinly Estellar,0.6,0.00161,0.923,120.0,0.7,-7.7,0.334,467396,2,0.269,0.0351,1
0izbMfR7hvGHEoGBD5bBli,Linked,0.713,0.539,0.725,122.041,0.886,-9.951,0.111,369462,6,0.24,0.0385,1
6ngzqaNMiF72SpefEKarOq,Trébucher,0.534,0.023,0.842,125.0,0.768,-8.295,0.661,351247,6,0.224,0.0414,1
3sJCADvtbzgKPzEBHhHSLY,One More Fluorescent Rush,0.612,0.00322,0.984,124.877,0.889,-7.645,0.112,387065,10,0.398,0.0335,0
5tVXm479a7e1NybJcq1QIQ,Outgrown,0.511,0.0425,0.818,127.972,0.916,-6.67,0.0969,365033,1,0.153,0.0333,1
5seZV3dCxExd7Q36KwWh2S,Hey Mama,0.792,0.0196,0.693,127.004,0.866,-9.099,0.0653,459738,1,0.113,0.0466,1
7ocA5x1DLDKBHPpFD0K4EF,Bosphorus,0.524,0.0201,0.793,124.929,0.597,-7.511,0.0347,384500,10,0.44,0.0498,0
5dZ8vK6v8Q7esoixhk3VHD,Ahmad - Damiano Von Erckert Mix,0.831,0.129,0.686,120.966,0.516,-8.945,0.0835,307438,6,0.465,0.076,0
4RTPdgun3QimcZbytzLxOC,Song For Mr. Lewis - Original Mix,0.718,0.0216,0.644,127.008,0.851,-9.24,0.0459,537492,10,0.697,0.0496,0
6YcWUCLMUyTaKScNXIG3qI,Stand Up! - Pangaea's Mix,0.437,0.00942,0.683,191.208,0.215,-11.695,0.0935,345186,7,0.0837,0.209,1
5fXHswaQRTvzfwTC8CW5Ew,Casa - Axel Boman Dub Mix,0.757,0.0158,0.905,124.003,0.874,-8.0,0.0928,588858,11,0.553,0.0507,1
3UXjKuSMHCF20xoiVanhPv,Shakara (Oloje),0.648,0.272,0.714,119.992,0.047,-6.627,0.216,805733,10,0.596,0.0411,0
20YfhQiwRzzQgrltg5rGE5,Changa,0.819,0.00414,0.754,124.978,0.552,-7.608,0.0657,281381,7,0.632,0.192,1
7D0PZGU2aSwYWOvvMWzUUl,Kerala,0.708,0.0233,0.739,125.047,0.62,-9.577,0.172,237547,7,0.142,0.057,0
61g7oQKm8DFEL7r2g9LS8x,Migration,0.561,0.763,0.565,122.072,0.948,-12.374,0.166,327400,1,0.0392,0.0373,1
3AW6V6zWH45jI7eNPnSDfT,7th Sevens,0.656,0.0281,0.653,117.999,0.858,-11.883,0.112,307328,6,0.199,0.0396,0
2pYvd6cHcAIMAM6xMD6nok,Break Apart,0.648,0.864,0.458,119.96,0.0944,-15.169,0.366,274693,5,0.0848,0.0311,1
7iE9oBkH73M1K74gyjjx7c,Towers,0.734,0.29,0.553,135.037,0.775,-10.079,0.118,216664,9,0.336,0.0594,0
4cwDC2Yk2zqOp6NMX6v750,Prelude,0.215,0.885,0.341,94.599,0.0667,-7.572,0.337,78267,10,0.167,0.0301,0
7sqii6BhIDpJChYpU3WjwS,Kiara,0.595,0.195,0.788,97.012,0.202,-10.128,0.153,230307,3,0.414,0.363,0
7Cg3F9ZsZ2TYUnlza49NYh,Kong,0.542,0.173,0.749,94.031,0.942,-8.333,0.315,237827,6,0.674,0.0277,0
15IVKRhTPXp4lKtwl568KS,Surface,0.559,0.231,0.613,109.947,3.47e-06,-7.891,0.0742,251172,3,0.213,0.0343,0
2lJ4d8MCT6ZlDRHKJ1br14,Cirrus,0.64,0.395,0.844,119.042,0.933,-8.412,0.0827,352247,2,0.364,0.0374,0
6BbFwwHnzY74a8GOsDg8Sn,Outlier,0.693,0.23,0.59,117.006,0.834,-7.232,0.0685,475480,4,0.237,0.0464,0
2y1cW84gbL4ghBD2HwcQ3x,We Could Forever,0.669,0.0181,0.885,116.955,0.88,-7.08,0.265,259840,7,0.636,0.0378,0
3aWPdd6U1xbsIEGEpUaPyQ,No Reason,0.656,0.321,0.589,121.003,0.532,-12.332,0.104,448984,5,0.155,0.0493,0
4GroumsjzAcgCwJzTGY7px,Ontario,0.54,0.236,0.461,89.995,0.531,-9.427,0.0865,232550,10,0.107,0.0341,0
4MSKGtnxTdqIypqwTDY3em,Figures,0.296,0.564,0.4,88.857,0.13,-11.609,0.116,368237,10,0.184,0.0462,0
5DAjrJqXqYtgr67pVhmUeR,Kerala,0.529,0.0237,0.739,124.75,0.607,-9.578,0.171,237547,7,0.138,0.0718,0
2Yz2Z1ENB85nYrK3Rg2qxO,First Fires,0.606,0.385,0.408,110.01,0.29,-10.539,0.437,278294,8,0.211,0.0362,1
7rF2bHXc5wa3hM3114pppm,Know You,0.734,0.047,0.702,126.995,0.669,-8.179,0.179,245288,3,0.168,0.0409,0
